Workbook

Sheet JANUARY 2022 
A1: RIVER DISCHARGE PARTICULARS OF PEDDAGEDDA RESERVOIR PROJECT FOR THE MONTH OF JANUARY, 2022
A3: Date | B3: Name of the Project | C3: Name of the River | D3: FRL (in mts) | E3: Gross Capacity in Mcft | F3: Present Water Level (in Mts) | G3: Present Capacity (in Mcft) | H3: Inflows (in Cusecs) | I3: Outflows (in Cusecs) | M3: Total Out flows (in Cusecs) | N3: Rainfall
I4: SPILLWAY | J4: RIVER SLUICE IN CUSECS | K4: RIGHT HEAD SLUICE IN CUSECS | L4: LOSS
A5: 44562 | B5: PEDDAGEDDA RESERVOIR PROJECT | C5: VEGAVATHI RIVER | D5: 213.8 | E5: 949 | F5: 213.46 | G5: 913.245 | H5: 20 | I5: 0 | J5: 70 | K5: 0 | L5: 0 | M5: =L5+K5+J5+I5 -> 70
A6: 44563 | D6: 213.8 | E6: 949 | F6: 213.43 | G6: 910.42 | H6: 37 | I6: 0 | J6: 70 | K6: 0 | L6: 0 | M6: =L6+K6+J6+I6 -> 70
A7: 44564 | D7: 213.8 | E7: 949 | F7: 213.4 | G7: 907.242 | H7: 33 | I7: 0 | J7: 70 | K7: 0 | L7: 0 | M7: =L7+K7+J7+I7 -> 70
A8: 44565 | D8: 213.8 | E8: 949 | F8: 213.36 | G8: 903.357 | H8: 25 | I8: 0 | J8: 70 | K8: 0 | L8: 0 | M8: =L8+K8+J8+I8 -> 70
A9: 44566 | D9: 213.8 | E9: 949 | F9: 213.33 | G9: 900.179 | H9: 33 | I9: 0 | J9: 70 | K9: 0 | L9: 0 | M9: =L9+K9+J9+I9 -> 70
A10: 44567 | D10: 213.8 | E10: 949 | F10: 213.3 | G10: 897.001 | H10: 33 | I10: 0 | J10: 70 | K10: 0 | L10: 0 | M10: =L10+K10+J10+I10 -> 70
A11: 44568 | D11: 213.8 | E11: 949 | F11: 213.28 | G11: 894.882 | H11: 16 | I11: 0 | J11: 40 | K11: 0 | L11: 0 | M11: =L11+K11+J11+I11 -> 40
A12: 44569 | D12: 213.8 | E12: 949 | F12: 213.26 | G12: 892.763 | H12: 6 | I12: 0 | J12: 30 | K12: 0 | L12: 0 | M12: =L12+K12+J12+I12 -> 30
A13: 44570 | D13: 213.8 | E13: 949 | F13: 213.26 | G13: 892.763 | H13: 10 | I13: 0 | J13: 0 | K13: 0 | L13: 10 | M13: =L13+K13+J13+I13 -> 10
A14: 44571 | D14: 213.8 | E14: 949 | F14: 213.25 | G14: 892.763 | H14: 10 | I14: 0 | J14: 0 | K14: 0 | L14: 10 | M14: =L14+K14+J14+I14 -> 10
A15: 44572 | D15: 213.8 | E15: 949 | F15: 213.25 | G15: 892.763 | H15: 10 | I15: 0 | J15: 0 | K15: 0 | L15: 10 | M15: =L15+K15+J15+I15 -> 10
A16: 44573 | D16: 213.8 | E16: 949 | F16: 213.25 | G16: 892.763 | H16: 10 | I16: 0 | J16: 0 | K16: 0 | L16: 10 | M16: =L16+K16+J16+I16 -> 10
A17: 44574 | D17: 213.8 | E17: 949 | F17: 213.28 | G17: 894.882 | H17: 35 | I17: 0 | J17: 0 | K17: 0 | L17: 10 | M17: =L17+K17+J17+I17 -> 10
... A35: 44592 | D35: 213.8 | E35: 949 | F35: 213.28 | G35: 894.882 | H35: 8 | I35: 0 | J35: 0 | K35: 0 | L35: 20 | M35: =L35+K35+J35+I35 -> 20
H36: =SUM(H5:H35) -> 535 | I36: =SUM(I5:I35) -> 0 | J36: =SUM(J5:J35) -> 490 | K36: =SUM(K5:K35) -> 0 | L36: =SUM(L5:L35) -> 305 | M36: =SUM(M5:M35) -> 795
H37: =H36/11574 -> 0.046224296 | J37: =J36/11574 -> 0.042336271 | K37: =K36/11574 -> 0
A38: Assistant Executive Engineer | J38: Deputy Executive Engineer
A39: PP Sub Division 2 | J39: PP Sub Division 2
A40: Saluru | J40: Saluru

Sheet FEBRUARY 2022
A1: RIVER DISCHARGE PARTICULARS OF PEDDAGEDDA RESERVOIR PROJECT FOR THE MONTH OF FEBRUARY , 2022
A3: Date | B3: Name of the Project | C3: Name of the River | D3: FRL (in mts) | E3: Gross Capacity in Mcft | F3: Present Water Level (in Mts) | G3: Present Capacity (in Mcft) | H3: Inflows (in Cusecs) | I3: Outflows (in Cusecs) | M3: Total Out flows (in Cusecs) | N3: Rainfall
I4: SPILLWAY | J4: RIVER SLUICE IN CUSECS | K4: RIGHT HEAD SLUICE IN CUSECS | L4: LOSS
A5: 44593 | B5: PEDDAGEDDA RESERVOIR PROJECT | C5: VEGAVATHI RIVER | D5: 213.8 | E5: 949 | F5: 213.27 | G5: 893.822 | H5: 8 | I5: 0 | J5: 0 | K5: 0 | L5: 20 | M5: =L5+K5+J5+I5 -> 20
A6: 44594 | D6: 213.8 | E6: 949 | F6: 213.26 | G6: 892.762 | H6: 8 | I6: 0 | J6: 0 | K6: 0 | L6: 20 | M6: =L6+K6+J6+I6 -> 20
A7: 44595 | D7: 213.8 | E7: 949 | F7: 213.25 | G7: 891.703 | H7: 8 | I7: 0 | J7: 0 | K7: 0 | L7: 20 | M7: =L7+K7+J7+I7 -> 20
A8: 44596 | D8: 213.8 | E8: 949 | F8: 213.24 | G8: 890.644 | H8: 8 | I8: 0 | J8: 0 | K8: 0 | L8: 20 | M8: =L8+K8+J8+I8 -> 20
A9: 44597 | D9: 213.8 | E9: 949 | F9: 213.23 | G9: 889.58 | H9: 8 | I9: 0 | J9: 0 | K9: 0 | L9: 20 | M9: =L9+K9+J9+I9 -> 20
A10: 44598 | D10: 213.8 | E10: 949 | F10: 213.22 | G10: 888.525 | H10: 8 | I10: 0 | J10: 0 | K10: 0 | L10: 20 | M10: =L10+K10+J10+I10 -> 20
A11: 44599 | D11: 213.8 | E11: 949 | F11: 213.21 | G11: 887.465 | H11: 8 | I11: 0 | J11: 0 | K11: 0 | L11: 20 | M11: =L11+K11+J11+I11 -> 20
A12: 44600 | D12: 213.8 | E12: 949 | F12: 213.2 | G12: 886.406 | H12: 8 | I12: 0 | J12: 0 | K12: 0 | L12: 20 | M12: =L12+K12+J12+I12 -> 20
A13: 44601 | D13: 213.8 | E13: 949 | F13: 213.18 | G13: 884.287 | H13: 1 | I13: 0 | J13: 0 | K13: 0 | L13: 25 | M13: =L13+K13+J13+I13 -> 25
A14: 44602 | D14: 213.8 | E14: 949 | F14: 213.16 | G14: 882.168 | H14: 1 | I14: 0 | J14: 0 | K14: 0 | L14: 25 | M14: =L14+K14+J14+I14 -> 25
A15: 44603 | D15: 213.8 | E15: 949 | F15: 213.14 | G15: 880.049 | H15: 1 | I15: 0 | J15: 0 | K15: 0 | L15: 25 | M15: =L15+K15+J15+I15 -> 25
A16: 44604 | D16: 213.8 | E16: 949 | F16: 213.12 | G16: 877.931 | H16: 1 | I16: 0 | J16: 0 | K16: 0 | L16: 25 | M16: =L16+K16+J16+I16 -> 25
A17: 44605 | D17: 213.8 | E17: 949 | F17: 213.1 | G17: 875.812 | H17: 1 | I17: 0 | J17: 0 | K17: 0 | L17: 25 | M17: =L17+K17+J17+I17 -> 25
... A32: 44620 | D32: 213.8 | E32: 949 | F32: 212.84 | G32: 848.972 | H32: 1 | I32: 0 | J32: 0 | K32: 0 | L32: 25 | M32: =L32+K32+J32+I32 -> 25
H33: =SUM(H5:H32) -> 110 | I33: =SUM(I5:I32) -> 0 | J33: =SUM(J5:J32) -> 0 | K33: =SUM(K5:K32) -> 0 | L33: =SUM(L5:L32) -> 630 | M33: =SUM(M5:M32) -> 630
H34: =H33/11574 -> 0.0095040608 | J34: =J33/11574 -> 0 | K34: =K33/11574 -> 0
A35: Assistant Executive Engineer | J35: Deputy Executive Engineer
A36: PP Sub Division 2 | J36: PP Sub Division 2
A37: Saluru | J37: Saluru

Sheet MARCH 2022
A1: RIVER DISCHARGE PARTICULARS OF PEDDAGEDDA RESERVOIR PROJECT FOR THE MONTH OF MARCH, 2022
A3: Date | B3: Name of the Project | C3: Name of the River | D3: FRL (in mts) | E3: Gross Capacity in Mcft | F3: Present Water Level (in Mts) | G3: Present Capacity (in Mcft) | H3: Inflows (in Cusecs) | I3: Outflows (in Cusecs) | M3: Total Out flows (in Cusecs) | N3: Rainfall
I4: SPILLWAY | J4: RIVER SLUICE IN CUSECS | K4: RIGHT HEAD SLUICE IN CUSECS | L4: LOSS
A5: 44621 | B5: PEDDAGEDDA RESERVOIR PROJECT | C5: VEGAVATHI RIVER | D5: 213.8 | E5: 949 | F5: 212.82 | G5: 846.853 | H5: 1 | I5: 0 | J5: 0 | K5: 0 | L5: 25 | M5: =L5+K5+J5+I5 -> 25
A6: 44622 | D6: 213.8 | E6: 949 | F6: 212.8 | G6: 844.734 | H6: 1 | I6: 0 | J6: 0 | K6: 0 | L6: 25 | M6: =L6+K6+J6+I6 -> 25
A7: 44623 | D7: 213.8 | E7: 949 | F7: 212.78 | G7: 842.615 | H7: 1 | I7: 0 | J7: 0 | K7: 0 | L7: 25 | M7: =L7+K7+J7+I7 -> 25
A8: 44624 | D8: 213.8 | E8: 949 | F8: 212.76 | G8: 840.497 | H8: 1 | I8: 0 | J8: 0 | K8: 0 | L8: 25 | M8: =L8+K8+J8+I8 -> 25
A9: 44625 | D9: 213.8 | E9: 949 | F9: 212.74 | G9: 838.378 | H9: 1 | I9: 0 | J9: 0 | K9: 0 | L9: 25 | M9: =L9+K9+J9+I9 -> 25
A10: 44626 | D10: 213.8 | E10: 949 | F10: 212.72 | G10: 836.259 | H10: 1 | I10: 0 | J10: 0 | K10: 0 | L10: 25 | M10: =L10+K10+J10+I10 -> 25
A11: 44627 | D11: 213.8 | E11: 949 | F11: 212.7 | G11: 834.14 | H11: 1 | I11: 0 | J11: 0 | K11: 0 | L11: 25 | M11: =L11+K11+J11+I11 -> 25
A12: 44628 | D12: 213.8 | E12: 949 | F12: 212.68 | G12: 832.021 | H12: 1 | I12: 0 | J12: 0 | K12: 0 | L12: 25 | M12: =L12+K12+J12+I12 -> 25
A13: 44629 | D13: 213.8 | E13: 949 | F13: 212.66 | G13: 829.902 | H13: 1 | I13: 0 | J13: 0 | K13: 0 | L13: 25 | M13: =L13+K13+J13+I13 -> 25
A14: 44630 | D14: 213.8 | E14: 949 | F14: 212.64 | G14: 827.783 | H14: 1 | I14: 0 | J14: 0 | K14: 0 | L14: 25 | M14: =L14+K14+J14+I14 -> 25
A15: 44631 | D15: 213.8 | E15: 949 | F15: 212.62 | G15: 825.664 | H15: 1 | I15: 0 | J15: 0 | K15: 0 | L15: 25 | M15: =L15+K15+J15+I15 -> 25
A16: 44632 | D16: 213.8 | E16: 949 | F16: 212.6 | G16: 823.545 | H16: 1 | I16: 0 | J16: 0 | K16: 0 | L16: 25 | M16: =L16+K16+J16+I16 -> 25
A17: 44633 | D17: 213.8 | E17: 949 | F17: 212.58 | G17: 821.427 | H17: 1 | I17: 0 | J17: 0 | K17: 0 | L17: 25 | M17: =L17+K17+J17+I17 -> 25
... A35: 44651 | D35: 213.8 | E35: 949 | F35: 212.22 | G35: 783.993 | H35: 1 | I35: 0 | J35: 0 | K35: 0 | L35: 25 | M35: =L35+K35+J35+I35 -> 25
H36: =SUM(H5:H35) -> 39 | I36: =SUM(I5:I35) -> 0 | J36: =SUM(J5:J35) -> 0 | K36: =SUM(K5:K35) -> 0 | L36: =SUM(L5:L35) -> 775 | M36: =SUM(M5:M35) -> 775
H37: =H36/11574 -> 0.0033696216 | I37: =I36/11574 -> 0 | J37: =J36/11574 -> 0 | K37: =K36/11574 -> 0 | L37: =L36/11574 -> 0.066960429 | M37: =M36/11574 -> 0.066960429
A38: Assistant Executive Engineer | J38: Deputy Executive Engineer
A39: PP Sub Division 2 | J39: PP Sub Division 2
A40: Saluru | J40: Saluru

Sheet APRIL 2022
A1: RIVER DISCHARGE PARTICULARS OF PEDDAGEDDA RESERVOIR PROJECT FOR THE MONTH OF APRIL , 2022
A3: Date | B3: Name of the Project | C3: Name of the River | D3: FRL (in mts) | E3: Gross Capacity in Mcft | F3: Present Water Level (in Mts) | G3: Present Capacity (in Mcft) | H3: Inflows (in Cusecs) | I3: Outflows (in Cusecs) | M3: Total Out flows (in Cusecs) | N3: Rainfall
I4: SPILLWAY | J4: RIVER SLUICE IN CUSECS | K4: RIGHT HEAD SLUICE IN CUSECS | L4: LOSS
A5: 44652 | B5: PEDDAGEDDA RESERVOIR PROJECT | C5: VEGAVATHI RIVER | D5: 213.8 | E5: 949 | F5: 212.2 | G5: 781.874 | H5: 1 | I5: 0 | J5: 0 | K5: 0 | L5: 25 | M5: =L5+K5+J5+I5 -> 25
A6: 44653 | D6: 213.8 | E6: 949 | F6: 212.18 | G6: 779.755 | H6: 1 | I6: 0 | J6: 0 | K6: 0 | L6: 25 | M6: =L6+K6+J6+I6 -> 25
A7: 44654 | D7: 213.8 | E7: 949 | F7: 212.16 | G7: 777.636 | H7: 1 | I7: 0 | J7: 0 | K7: 0 | L7: 25 | M7: =L7+K7+J7+I7 -> 25
A8: 44655 | D8: 213.8 | E8: 949 | F8: 212.14 | G8: 775.517 | H8: 1 | I8: 0 | J8: 0 | K8: 0 | L8: 25 | M8: =L8+K8+J8+I8 -> 25
A9: 44656 | D9: 213.8 | E9: 949 | F9: 212.12 | G9: 773.398 | H9: 1 | I9: 0 | J9: 0 | K9: 0 | L9: 25 | M9: =L9+K9+J9+I9 -> 25
A10: 44657 | D10: 213.8 | E10: 949 | F10: 212.1 | G10: 771.279 | H10: 1 | I10: 0 | J10: 0 | K10: 0 | L10: 25 | M10: =L10+K10+J10+I10 -> 25
A11: 44658 | D11: 213.8 | E11: 949 | F11: 212.09 | G11: 770.22 | H11: 1 | I11: 0 | J11: 0 | K11: 0 | L11: 25 | M11: =L11+K11+J11+I11 -> 25
A12: 44659 | D12: 213.8 | E12: 949 | F12: 212.07 | G12: 768.101 | H12: 1 | I12: 0 | J12: 0 | K12: 0 | L12: 25 | M12: =L12+K12+J12+I12 -> 25
A13: 44660 | D13: 213.8 | E13: 949 | F13: 212.05 | G13: 765.982 | H13: 1 | I13: 0 | J13: 0 | K13: 0 | L13: 25 | M13: =L13+K13+J13+I13 -> 25
A14: 44661 | D14: 213.8 | E14: 949 | F14: 212.03 | G14: 763.863 | H14: 1 | I14: 0 | J14: 0 | K14: 0 | L14: 25 | M14: =L14+K14+J14+I14 -> 25
A15: 44662 | D15: 213.8 | E15: 949 | F15: 212.01 | G15: 761.744 | H15: 1 | I15: 0 | J15: 0 | K15: 0 | L15: 25 | M15: =L15+K15+J15+I15 -> 25
A16: 44663 | D16: 213.8 | E16: 949 | F16: 211.99 | G16: 759.625 | H16: 1 | I16: 0 | J16: 0 | K16: 0 | L16: 25 | M16: =L16+K16+J16+I16 -> 25
A17: 44664 | D17: 213.8 | E17: 949 | F17: 211.97 | G17: 757.506 | H17: 1 | I17: 0 | J17: 0 | K17: 0 | L17: 25 | M17: =L17+K17+J17+I17 -> 25
... A34: 44681 | D34: 213.8 | E34: 949 | F34: 211.71 | G34: 731.02 | H34: 5 | I34: 0 | J34: 0 | K34: 0 | L34: 25 | M34: =L34+K34+J34+I34 -> 25
H35: =SUM(H5:H34) -> 136 | I35: =SUM(I5:I34) -> 0 | J35: =SUM(J5:J34) -> 0 | K35: =SUM(K5:K34) -> 0 | L35: =SUM(L5:L34) -> 750 | M35: =SUM(M5:M34) -> 750
H36: =H35/11574 -> 0.011750475 | J36: =J35/11574 -> 0 | K36: =K35/11574 -> 0
A37: Assistant Executive Engineer | J37: Deputy Executive Engineer
A38: PP Sub Division 2 | J38: PP Sub Division 2
A39: Saluru | J39: Saluru

Sheet MAY 2022
A1: RIVER DISCHARGE PARTICULARS OF PEDDAGEDDA RESERVOIR PROJECT FOR THE MONTH OF MAY, 2022
A3: Date | B3: Name of the Project | C3: Name of the River | D3: FRL (in mts) | E3: Gross Capacity in Mcft | F3: Present Water Level (in Mts) | G3: Present Capacity (in Mcft) | H3: Inflows (in Cusecs) | I3: Outflows (in Cusecs) | M3: Total Out flows (in Cusecs) | N3: Rainfall
I4: SPILLWAY | J4: RIVER SLUICE IN CUSECS | K4: RIGHT HEAD SLUICE IN CUSECS | L4: LOSS
A5: 44682 | B5: PEDDAGEDDA RESERVOIR PROJECT | C5: VEGAVATHI RIVER | D5: 213.8 | E5: 949 | F5: 211.69 | G5: 728.901 | H5: 1 | I5: 0 | J5: 0 | K5: 0 | L5: 25 | M5: =L5+K5+J5+I5 -> 25
A6: 44683 | D6: 213.8 | E6: 949 | F6: 211.69 | G6: 728.901 | H6: 25 | I6: 0 | J6: 0 | K6: 0 | L6: 25 | M6: =L6+K6+J6+I6 -> 25
A7: 44684 | D7: 213.8 | E7: 949 | F7: 211.67 | G7: 726.782 | H7: 1 | I7: 0 | J7: 0 | K7: 0 | L7: 25 | M7: =L7+K7+J7+I7 -> 25
A8: 44685 | D8: 213.8 | E8: 949 | F8: 211.65 | G8: 724.663 | H8: 1 | I8: 0 | J8: 0 | K8: 0 | L8: 25 | M8: =L8+K8+J8+I8 -> 25
A9: 44686 | D9: 213.8 | E9: 949 | F9: 211.63 | G9: 722.544 | H9: 1 | I9: 0 | J9: 0 | K9: 0 | L9: 25 | M9: =L9+K9+J9+I9 -> 25
A10: 44687 | D10: 213.8 | E10: 949 | F10: 211.61 | G10: 720.426 | H10: 1 | I10: 0 | J10: 0 | K10: 0 | L10: 25 | M10: =L10+K10+J10+I10 -> 25
A11: 44688 | D11: 213.8 | E11: 949 | F11: 211.6 | G11: 719.013 | H11: 9 | I11: 0 | J11: 0 | K11: 0 | L11: 25 | M11: =L11+K11+J11+I11 -> 25
A12: 44689 | D12: 213.8 | E12: 949 | F12: 211.6 | G12: 719.013 | H12: 25 | I12: 0 | J12: 0 | K12: 0 | L12: 25 | M12: =L12+K12+J12+I12 -> 25
A13: 44690 | D13: 213.8 | E13: 949 | F13: 211.58 | G13: 716.894 | H13: 1 | I13: 0 | J13: 0 | K13: 0 | L13: 25 | M13: =L13+K13+J13+I13 -> 25
A14: 44691 | D14: 213.8 | E14: 949 | F14: 211.56 | G14: 714.755 | H14: 1 | I14: 0 | J14: 0 | K14: 0 | L14: 25 | M14: =L14+K14+J14+I14 -> 25
A15: 44692 | D15: 213.8 | E15: 949 | F15: 211.58 | G15: 716.118 | H15: 36 | I15: 0 | J15: 0 | K15: 0 | L15: 20 | M15: =L15+K15+J15+I15 -> 20
A16: 44693 | D16: 213.8 | E16: 949 | F16: 211.64 | G16: 723.604 | H16: 105 | I16: 0 | J16: 0 | K16: 0 | L16: 20 | M16: =L16+K16+J16+I16 -> 20
A17: 44694 | D17: 213.8 | E17: 949 | F17: 211.67 | G17: 727.489 | H17: 65 | I17: 0 | J17: 0 | K17: 0 | L17: 20 | M17: =L17+K17+J17+I17 -> 20
... A35: 44712 | D35: 213.8 | E35: 949 | F35: 211.58 | G35: 717.953 | H35: 13 | I35: 0 | J35: 0 | K35: 0 | L35: 25 | M35: =L35+K35+J35+I35 -> 25
H36: =SUM(H5:H35) -> 615 | I36: =SUM(I5:I35) -> 0 | J36: =SUM(J5:J35) -> 0 | K36: =SUM(K5:K35) -> 0 | L36: =SUM(L5:L35) -> 760 | M36: =SUM(M5:M35) -> 760
H37: =H36/11574 -> 0.05313634 | J37: =J36/11574 -> 0 | K37: =K36/11574 -> 0
A38: Assistant Executive Engineer | J38: Deputy Executive Engineer
A39: PP Sub Division 2 | J39: PP Sub Division 2
A40: Saluru | J40: Saluru

Sheet JUNE 2022
A1: RIVER DISCHARGE PARTICULARS OF PEDDAGEDDA RESERVOIR PROJECT FOR THE MONTH OF JUNE, 2022
A3: Date | B3: Name of the Project | C3: Name of the River | D3: FRL (in mts) | E3: Gross Capacity in Mcft | F3: Present Water Level (in Mts) | G3: Present Capacity (in Mcft) | H3: Inflows (in Cusecs) | I3: Outflows (in Cusecs) | M3: Total Out flows (in Cusecs) | N3: Rainfall
I4: SPILLWAY | J4: RIVER SLUICE IN CUSECS | K4: RIGHT HEAD SLUICE IN CUSECS | L4: LOSS
A5: 44713 | B5: PEDDAGEDDA RESERVOIR PROJECT | C5: VEGAVATHI RIVER | D5: 213.8 | E5: 949 | F5: 211.58 | G5: 716.894 | H5: 13 | I5: 0 | J5: 0 | K5: 0 | L5: 25 | M5: =L5+K5+J5+I5 -> 25
A6: 44714 | D6: 213.8 | E6: 949 | F6: 211.57 | G6: 715.835 | H6: 13 | I6: 0 | J6: 0 | K6: 0 | L6: 25 | M6: =L6+K6+J6+I6 -> 25
A7: 44715 | D7: 213.8 | E7: 949 | F7: 211.56 | G7: 714.775 | H7: 13 | I7: 0 | J7: 0 | K7: 0 | L7: 25 | M7: =L7+K7+J7+I7 -> 25
A8: 44716 | D8: 213.8 | E8: 949 | F8: 211.56 | G8: 714.775 | H8: 25 | I8: 0 | J8: 0 | K8: 0 | L8: 25 | M8: =L8+K8+J8+I8 -> 25
A9: 44717 | D9: 213.8 | E9: 949 | F9: 211.55 | G9: 713.716 | H9: 13 | I9: 0 | J9: 0 | K9: 0 | L9: 25 | M9: =L9+K9+J9+I9 -> 25
A10: 44718 | D10: 213.8 | E10: 949 | F10: 211.54 | G10: 712.656 | H10: 13 | I10: 0 | J10: 0 | K10: 0 | L10: 25 | M10: =L10+K10+J10+I10 -> 25
A11: 44719 | D11: 213.8 | E11: 949 | F11: 211.54 | G11: 712.656 | H11: 25 | I11: 0 | J11: 0 | K11: 0 | L11: 25 | M11: =L11+K11+J11+I11 -> 25
A12: 44720 | D12: 213.8 | E12: 949 | F12: 211.53 | G12: 711.597 | H12: 13 | I12: 0 | J12: 0 | K12: 0 | L12: 25 | M12: =L12+K12+J12+I12 -> 25
A13: 44721 | D13: 213.8 | E13: 949 | F13: 211.52 | G13: 710.537 | H13: 13 | I13: 0 | J13: 0 | K13: 0 | L13: 25 | M13: =L13+K13+J13+I13 -> 25
A14: 44722 | D14: 213.8 | E14: 949 | F14: 211.51 | G14: 709.478 | H14: 13 | I14: 0 | J14: 0 | K14: 0 | L14: 25 | M14: =L14+K14+J14+I14 -> 25
A15: 44723 | D15: 213.8 | E15: 949 | F15: 211.5 | G15: 708.418 | H15: 13 | I15: 0 | J15: 0 | K15: 0 | L15: 25 | M15: =L15+K15+J15+I15 -> 25
A16: 44724 | D16: 213.8 | E16: 949 | F16: 211.49 | G16: 707.349 | H16: 13 | I16: 0 | J16: 0 | K16: 0 | L16: 25 | M16: =L16+K16+J16+I16 -> 25
A17: 44725 | D17: 213.8 | E17: 949 | F17: 211.51 | G17: 709.478 | H17: 50 | I17: 0 | J17: 0 | K17: 0 | L17: 25 | M17: =L17+K17+J17+I17 -> 25
... A30: 44738 | D30: 213.8 | E30: 949 | F30: 211.63 | G30: 722.191 | H30: 75 | I30: 0 | J30: 0 | K30: 0 | L30: 25 | M30: =L30+K30+J30+I30 -> 25
A31: 44739 | D31: 213.8 | E31: 949 | F31: 211.67 | G31: 726.429 | H31: 75 | I31: 0 | J31: 0 | K31: 0 | L31: 25 | M31: =L31+K31+J31+I31 -> 25 | O31: =38+32+150+15 -> 235 | Q31: =(L35*86400)/1000000 -> 64.8
A32: 44740 | D32: 213.8 | E32: 949 | F32: 211.71 | G32: 730.667 | H32: 75 | I32: 0 | J32: 0 | K32: 0 | L32: 25 | M32: =L32+K32+J32+I32 -> 25 | O32: =O31/12 -> 19.583333 | Q32: =Q31/35.315 -> 1.8349143
A33: 44741 | D33: 213.8 | E33: 949 | F33: 211.75 | G33: 734.905 | H33: 75 | I33: 0 | J33: 0 | K33: 0 | L33: 25 | M33: =L33+K33+J33+I33 -> 25 | O33: =O32/35.315 -> 0.55453301
A34: 44742 | D34: 213.8 | E34: 949 | F34: 211.74 | G34: 733.845 | H34: 13 | I34: 0 | J34: 0 | K34: 0 | L34: 25 | M34: =L34+K34+J34+I34 -> 25
H35: =SUM(H5:H34) -> 944 | I35: =SUM(I5:I34) -> 0 | J35: =SUM(J5:J34) -> 0 | K35: =SUM(K5:K34) -> 0 | L35: =SUM(L5:L34) -> 750 | M35: =SUM(M5:M34) -> 750 | P35: =+H35+'JULY 2022 '!H36+'AUGUST 2022'!H36+'SEPTEMBER 2022'!H35+'OCTOBER 2022'!H36+'NOVEMBER 2022 '!H35+'DECEMBER 2022'!H36+'JANUARY 2022 '!H36+'FEBRUARY 2022'!H33+'MARCH 2022'!H36+'APRIL 2022'!H35+'MAY 2022'!H36 -> 31622 | Q35: =+I35+'JULY 2022 '!I36+'AUGUST 2022'!I36+'SEPTEMBER 2022'!I35+'OCTOBER 2022'!I36+'NOVEMBER 2022 '!I35+'DECEMBER 2022'!I36+'JANUARY 2022 '!I36+'FEBRUARY 2022'!I33+'MARCH 2022'!I36+'APRIL 2022'!I35+'MAY 2022'!I36 -> 10950 | R35: =+J35+'JULY 2022 '!J36+'AUGUST 2022'!J36+'SEPTEMBER 2022'!J35+'OCTOBER 2022'!J36+'NOVEMBER 2022 '!J35+'DECEMBER 2022'!J36+'JANUARY 2022 '!J36+'FEBRUARY 2022'!J33+'MARCH 2022'!J36+'APRIL 2022'!J35+'MAY 2022'!J36 -> 9910 | S35: =+K35+'JULY 2022 '!K36+'AUGUST 2022'!K36+'SEPTEMBER 2022'!K35+'OCTOBER 2022'!K36+'NOVEMBER 2022 '!K35+'DECEMBER 2022'!K36+'JANUARY 2022 '!K36+'FEBRUARY 2022'!K33+'MARCH 2022'!K36+'APRIL 2022'!K35+'MAY 2022'!K36 -> 6775 | T35: =+L35+'JULY 2022 '!L36+'AUGUST 2022'!L36+'SEPTEMBER 2022'!L35+'OCTOBER 2022'!L36+'NOVEMBER 2022 '!L35+'DECEMBER 2022'!L36+'JANUARY 2022 '!L36+'FEBRUARY 2022'!L33+'MARCH 2022'!L36+'APRIL 2022'!L35+'MAY 2022'!L36 -> 4630 | U35: =+M35+'JULY 2022 '!M36+'AUGUST 2022'!M36+'SEPTEMBER 2022'!M35+'OCTOBER 2022'!M36+'NOVEMBER 2022 '!M35+'DECEMBER 2022'!M36+'JANUARY 2022 '!M36+'FEBRUARY 2022'!M33+'MARCH 2022'!M36+'APRIL 2022'!M35+'MAY 2022'!M36 -> 32265
H36: =H35/11574 -> 0.081562122 | J36: =J35/11574 -> 0 | K36: =K35/11574 -> 0
H37: 31622 | I37: 10950 | J37: 9910 | K37: 6775 | L37: 4630 | M37: 32265 | O37: 11574
H38: =ROUND(H37/$O$37,3) -> 2.732 | I38: =ROUND(I37/$O$37,3) -> 0.946 | J38: =ROUND(J37/$O$37,3) -> 0.856 | K38: =ROUND(K37/$O$37,3) -> 0.585 | L38: =ROUND(L37/$O$37,3) -> 0.4 | M38: =ROUND(M37/$O$37,3) -> 2.788
K39: =+K38+J38 -> 1.441
A42: Assistant Executive Engineer | J42: Deputy Executive Engineer
A43: PP Sub Division 2 | J43: PP Sub Division 2
A44: Saluru | J44: Saluru

Sheet JULY 2022 
A1: RIVER DISCHARGE PARTICULARS OF PEDDAGEDDA RESERVOIR PROJECT FOR THE MONTH OF JULY, 2022
A3: Date | B3: Name of the Project | C3: Name of the River | D3: FRL (in mts) | E3: Gross Capacity in Mcft | F3: Present Water Level (in Mts) | G3: Present Capacity (in Mcft) | H3: Inflows (in Cusecs) | I3: Outflows (in Cusecs) | M3: Total Out flows (in Cusecs) | N3: Rainfall
I4: SPILLWAY | J4: RIVER SLUICE IN CUSECS | K4: RIGHT HEAD SLUICE IN CUSECS | L4: LOSS
A5: 44743 | B5: PEDDAGEDDA RESERVOIR PROJECT | C5: VEGAVATHI RIVER | D5: 213.8 | E5: 949 | F5: 211.78 | G5: 738.083 | H5: 75 | I5: 0 | J5: 0 | K5: 0 | L5: 25 | M5: =I5+J5+K5+L5 -> 25
A6: 44744 | D6: 213.8 | E6: 949 | F6: 211.79 | G6: 739.142 | H6: 37 | I6: 0 | J6: 0 | K6: 0 | L6: 25 | M6: =I6+J6+K6+L6 -> 25
A7: 44745 | D7: 213.8 | E7: 949 | F7: 211.8 | G7: 740.202 | H7: 37 | I7: 0 | J7: 0 | K7: 0 | L7: 25 | M7: =I7+J7+K7+L7 -> 25
A8: 44746 | D8: 213.8 | E8: 949 | F8: 211.8 | G8: 740.202 | H8: 25 | I8: 0 | J8: 0 | K8: 0 | L8: 25 | M8: =I8+J8+K8+L8 -> 25
A9: 44747 | D9: 213.8 | E9: 949 | F9: 211.81 | G9: 741.261 | H9: 37 | I9: 0 | J9: 0 | K9: 0 | L9: 25 | M9: =I9+J9+K9+L9 -> 25
A10: 44748 | D10: 213.8 | E10: 949 | F10: 211.81 | G10: 741.261 | H10: 25 | I10: 0 | J10: 0 | K10: 0 | L10: 25 | M10: =I10+J10+K10+L10 -> 25
A11: 44749 | D11: 213.8 | E11: 949 | F11: 211.82 | G11: 742.321 | H11: 37 | I11: 0 | J11: 0 | K11: 0 | L11: 25 | M11: =I11+J11+K11+L11 -> 25
A12: 44750 | D12: 213.8 | E12: 949 | F12: 211.84 | G12: 744.44 | H12: 50 | I12: 0 | J12: 0 | K12: 0 | L12: 25 | M12: =I12+J12+K12+L12 -> 25
A13: 44751 | D13: 213.8 | E13: 949 | F13: 212.1 | G13: 771.279 | H13: 335 | I13: 0 | J13: 0 | K13: 0 | L13: 25 | M13: =I13+J13+K13+L13 -> 25
A14: 44752 | D14: 213.8 | E14: 949 | F14: 212.25 | G14: 792.115 | H14: 267 | I14: 0 | J14: 0 | K14: 0 | L14: 25 | M14: =I14+J14+K14+L14 -> 25
A15: 44753 | D15: 213.8 | E15: 949 | F15: 212.35 | G15: 797.412 | H15: 87 | I15: 0 | J15: 0 | K15: 0 | L15: 25 | M15: =I15+J15+K15+L15 -> 25
A16: 44754 | D16: 213.8 | E16: 949 | F16: 212.58 | G16: 821.631 | H16: 305 | I16: 0 | J16: 0 | K16: 0 | L16: 25 | M16: =I16+J16+K16+L16 -> 25
A17: 44755 | D17: 213.8 | E17: 949 | F17: 212.67 | G17: 831.032 | H17: 139 | I17: 0 | J17: 0 | K17: 0 | L17: 25 | M17: =I17+J17+K17+L17 -> 25
... A35: 44773 | D35: 213.8 | E35: 949 | F35: 212.57 | G35: 820.72 | H35: 4 | I35: 0 | J35: 25 | K35: 15 | L35: 0 | M35: =I35+J35+K35+L35 -> 40
H36: =SUM(H5:H35) -> 2358 | I36: =SUM(I5:I35) -> 0 | J36: =SUM(J5:J35) -> 955 | K36: =SUM(K5:K35) -> 30 | L36: =SUM(L5:L35) -> 350 | M36: =SUM(M5:M35) -> 1335
H37: =H36/11574 -> 0.2037325 | J37: =J36/11574 -> 0.082512528 | K37: =K36/11574 -> 0.0025920166
A38: Assistant Executive Engineer | J38: Deputy Executive Engineer
A39: PP Sub Division 2 | J39: PP Sub Division 2
A40: Saluru | J40: Saluru

Sheet AUGUST 2022
A1: RIVER DISCHARGE PARTICULARS OF PEDDAGEDDA RESERVOIR PROJECT FOR THE MONTH OF AUGUST , 2022
A3: Date | B3: Name of the Project | C3: Name of the River | D3: FRL (in mts) | E3: Gross Capacity in Mcft | F3: Present Water Level (in Mts) | G3: Present Capacity (in Mcft) | H3: Inflows (in Cusecs) | I3: Outflows (in Cusecs) | M3: Total Out flows (in Cusecs) | N3: Rainfall
I4: SPILLWAY | J4: RIVER SLUICE IN CUSECS | K4: RIGHT HEAD SLUICE IN CUSECS | L4: LOSS
A5: 44774 | B5: PEDDAGEDDA RESERVOIR PROJECT | C5: VEGAVATHI RIVER | D5: 213.8 | E5: 949 | F5: 212.57 | G5: 820.72 | H5: 40 | I5: 0 | J5: 25 | K5: 15 | L5: 0 | M5: =L5+K5+J5+I5 -> 40
A6: 44775 | D6: 213.8 | E6: 949 | F6: 212.7 | G6: 834.177 | H6: 195 | I6: 0 | J6: 25 | K6: 15 | L6: 0 | M6: =L6+K6+J6+I6 -> 40
A7: 44776 | D7: 213.8 | E7: 949 | F7: 212.97 | G7: 862.392 | H7: 367 | I7: 0 | J7: 25 | K7: 15 | L7: 0 | M7: =L7+K7+J7+I7 -> 40
A8: 44777 | D8: 213.8 | E8: 949 | F8: 213.1 | G8: 876.165 | H8: 270 | I8: 0 | J8: 60 | K8: 50 | L8: 0 | M8: =L8+K8+J8+I8 -> 110
A9: 44778 | D9: 213.8 | E9: 949 | F9: 213.17 | G9: 883.228 | H9: 182 | I9: 0 | J9: 70 | K9: 30 | L9: 0 | M9: =L9+K9+J9+I9 -> 100
A10: 44779 | D10: 213.8 | E10: 949 | F10: 213.2 | G10: 886.406 | H10: 136 | I10: 0 | J10: 70 | K10: 30 | L10: 0 | M10: =L10+K10+J10+I10 -> 100
A11: 44780 | D11: 213.8 | E11: 949 | F11: 213.2 | G11: 886.406 | H11: 100 | I11: 0 | J11: 70 | K11: 30 | L11: 0 | M11: =L11+K11+J11+I11 -> 100
A12: 44781 | D12: 213.8 | E12: 949 | F12: 213.18 | G12: 884.287 | H12: 76 | I12: 0 | J12: 70 | K12: 30 | L12: 0 | M12: =L12+K12+J12+I12 -> 100
A13: 44782 | D13: 213.8 | E13: 949 | F13: 213.13 | G13: 878.99 | H13: 49 | I13: 0 | J13: 80 | K13: 30 | L13: 0 | M13: =L13+K13+J13+I13 -> 110
A14: 44783 | D14: 213.8 | E14: 949 | F14: 213.08 | G14: 874.046 | H14: 52 | I14: 0 | J14: 80 | K14: 30 | L14: 0 | M14: =L14+K14+J14+I14 -> 110
A15: 44784 | D15: 213.8 | E15: 949 | F15: 213.03 | G15: 868.749 | H15: 49 | I15: 0 | J15: 80 | K15: 30 | L15: 0 | M15: =L15+K15+J15+I15 -> 110
A16: 44785 | D16: 213.8 | E16: 949 | F16: 212.97 | G16: 862.392 | H16: 47 | I16: 0 | J16: 70 | K16: 50 | L16: 0 | M16: =L16+K16+J16+I16 -> 120
A17: 44786 | D17: 213.8 | E17: 949 | F17: 212.93 | G17: 858.154 | H17: 70 | I17: 0 | J17: 70 | K17: 50 | L17: 0 | M17: =L17+K17+J17+I17 -> 120
... A34: 44803 | D34: 213.8 | E34: 949 | F34: 212.05 | G34: 766.335 | H34: 195 | I34: 0 | J34: 70 | K34: 60 | L34: 0 | M34: =L34+K34+J34+I34 -> 130
A35: 44804 | D35: 213.8 | E35: 949 | F35: 212.1 | G35: 771.279 | H35: 187 | I35: 0 | J35: 70 | K35: 60 | L35: 0 | M35: =L35+K35+J35+I35 -> 130 | Q35: =(J36*86400)/1000000 -> 184.464
H36: =SUM(H5:H35) -> 3188 | I36: =SUM(I5:I35) -> 0 | J36: =SUM(J5:J35) -> 2135 | K36: =SUM(K5:K35) -> 1615 | L36: =SUM(L5:L35) -> 0 | M36: =SUM(M5:M35) -> 3750 | Q36: =Q35/35.315 -> 5.2233895
H37: =H36/11574 -> 0.27544496 | J37: =J36/11574 -> 0.18446518 | K37: =K36/11574 -> 0.13953689
A38: Assistant Executive Engineer | J38: Deputy Executive Engineer
A39: PP Sub Division 2 | J39: PP Sub Division 2
A40: Saluru | J40: Saluru

Sheet SEPTEMBER 2022
A1: RIVER DISCHARGE PARTICULARS OF PEDDAGEDDA RESERVOIR PROJECT FOR THE MONTH OF SEPTEMBER, 2022
A3: Date | B3: Name of the Project | C3: Name of the River | D3: FRL (in mts) | E3: Gross Capacity in Mcft | F3: Present Water Level (in Mts) | G3: Present Capacity (in Mcft) | H3: Inflows (in Cusecs) | I3: Outflows (in Cusecs) | M3: Total Out flows (in Cusecs) | N3: Rainfall
I4: SPILLWAY | J4: RIVER SLUICE IN CUSECS | K4: RIGHT HEAD SLUICE IN CUSECS | L4: LOSS
A5: 44805 | B5: PEDDAGEDDA RESERVOIR PROJECT | C5: VEGAVATHI RIVER | D5: 213.8 | E5: 949 | F5: 212.13 | G5: 774.457 | H5: 166 | I5: 0 | J5: 60 | K5: 70 | L5: 0 | M5: =L5+K5+J5+I5 -> 130
A6: 44806 | D6: 213.8 | E6: 949 | F6: 212.15 | G6: 776.577 | H6: 155 | I6: 0 | J6: 60 | K6: 70 | L6: 0 | M6: =L6+K6+J6+I6 -> 130
A7: 44807 | D7: 213.8 | E7: 949 | F7: 212.1 | G7: 771.279 | H7: 69 | I7: 0 | J7: 60 | K7: 70 | L7: 0 | M7: =L7+K7+J7+I7 -> 130
A8: 44808 | D8: 213.8 | E8: 949 | F8: 212.1 | G8: 771.279 | H8: 130 | I8: 0 | J8: 60 | K8: 70 | L8: 0 | M8: =L8+K8+J8+I8 -> 130
A9: 44809 | D9: 213.8 | E9: 949 | F9: 212.2 | G9: 781.87 | H9: 252 | I9: 0 | J9: 60 | K9: 70 | L9: 0 | M9: =L9+K9+J9+I9 -> 130
A10: 44810 | D10: 213.8 | E10: 949 | F10: 212.25 | G10: 787.171 | H10: 192 | I10: 0 | J10: 60 | K10: 70 | L10: 0 | M10: =L10+K10+J10+I10 -> 130
A11: 44811 | D11: 213.8 | E11: 949 | F11: 212.4 | G11: 802.709 | H11: 309 | I11: 0 | J11: 60 | K11: 70 | L11: 0 | M11: =L11+K11+J11+I11 -> 130
A12: 44812 | D12: 213.8 | E12: 949 | F12: 212.5 | G12: 813.304 | H12: 252 | I12: 0 | J12: 60 | K12: 70 | L12: 0 | M12: =L12+K12+J12+I12 -> 130
A13: 44813 | D13: 213.8 | E13: 949 | F13: 213.15 | G13: 881.109 | H13: 915 | I13: 0 | J13: 60 | K13: 70 | L13: 0 | M13: =L13+K13+J13+I13 -> 130
A14: 44814 | D14: 213.8 | E14: 949 | F14: 213.48 | G14: 915.717 | H14: 751 | I14: 250 | J14: 60 | K14: 40 | L14: 0 | M14: =L14+K14+J14+I14 -> 350
A15: 44815 | D15: 213.8 | E15: 949 | F15: 213.4 | G15: 907.242 | H15: 501 | I15: 500 | J15: 60 | K15: 40 | L15: 0 | M15: =L15+K15+J15+I15 -> 600
A16: 44816 | D16: 213.8 | E16: 949 | F16: 213.33 | G16: 899.826 | H16: 515 | I16: 500 | J16: 60 | K16: 40 | L16: 0 | M16: =L16+K16+J16+I16 -> 600
A17: 44817 | D17: 213.8 | E17: 949 | F17: 213.47 | G17: 914.658 | H17: 671 | I17: 400 | J17: 60 | K17: 40 | L17: 0 | M17: =L17+K17+J17+I17 -> 500
... A34: 44834 | D34: 213.8 | E34: 949 | F34: 213.6 | G34: 928.431 | H34: 144 | I34: 0 | J34: 60 | K34: 60 | L34: 0 | M34: =L34+K34+J34+I34 -> 120
H35: =SUM(H5:H34) -> 8093 | I35: =SUM(I5:I34) -> 2700 | J35: =SUM(J5:J34) -> 1800 | K35: =SUM(K5:K34) -> 1780 | L35: =SUM(L5:L34) -> 0 | M35: =SUM(M5:M34) -> 6280
H36: =H35/11574 -> 0.69923968 | J36: =J35/11574 -> 0.155521 | K36: =K35/11574 -> 0.15379298
A37: Assistant Executive Engineer | J37: Deputy Executive Engineer
A38: PP Sub Division 2 | J38: PP Sub Division 2
A39: Saluru | J39: Saluru

Sheet OCTOBER 2022
A1: RIVER DISCHARGE PARTICULARS OF PEDDAGEDDA RESERVOIR PROJECT FOR THE MONTH OF OCTOBER, 2022
A3: Date | B3: Name of the Project | C3: Name of the River | D3: FRL (in mts) | E3: Gross Capacity in Mcft | F3: Present Water Level (in Mts) | G3: Present Capacity (in Mcft) | H3: Inflows (in Cusecs) | I3: Outflows (in Cusecs) | M3: Total Out flows (in Cusecs) | N3: Rainfall
I4: SPILLWAY | J4: RIVER SLUICE IN CUSECS | K4: RIGHT HEAD SLUICE IN CUSECS | L4: LOSS
A5: 44835 | B5: PEDDAGEDDA RESERVOIR PROJECT | C5: VEGAVATHI RIVER | D5: 213.8 | E5: 949 | F5: 213.6 | G5: 928.431 | H5: 120 | I5: 0 | J5: 60 | K5: 60 | L5: 0 | M5: =L5+K5+J5+I5 -> 120
A6: 44836 | D6: 213.8 | E6: 949 | F6: 213.55 | G6: 923.134 | H6: 58 | I6: 0 | J6: 60 | K6: 60 | L6: 0 | M6: =L6+K6+J6+I6 -> 120
A7: 44837 | D7: 213.8 | E7: 949 | F7: 213.55 | G7: 923.134 | H7: 120 | I7: 0 | J7: 60 | K7: 60 | L7: 0 | M7: =L7+K7+J7+I7 -> 120
A8: 44838 | D8: 213.8 | E8: 949 | F8: 213.45 | G8: 912.539 | H8: 197 | I8: 200 | J8: 60 | K8: 60 | L8: 0 | M8: =L8+K8+J8+I8 -> 320
A9: 44839 | D9: 213.8 | E9: 949 | F9: 213.55 | G9: 923.134 | H9: 242 | I9: 0 | J9: 60 | K9: 60 | L9: 0 | M9: =L9+K9+J9+I9 -> 120
A10: 44840 | D10: 213.8 | E10: 949 | F10: 213.7 | G10: 938.672 | H10: 300 | I10: 0 | J10: 60 | K10: 60 | L10: 0 | M10: =L10+K10+J10+I10 -> 120
A11: 44841 | D11: 213.8 | E11: 949 | F11: 213.3 | G11: 897.001 | H11: 517 | I11: 1000 | J11: 60 | K11: 40 | L11: 0 | M11: =L11+K11+J11+I11 -> 1100
A12: 44842 | D12: 213.8 | E12: 949 | F12: 213.67 | G12: 935.494 | H12: 745 | I12: 200 | J12: 60 | K12: 40 | L12: 0 | M12: =L12+K12+J12+I12 -> 300
A13: 44843 | D13: 213.8 | E13: 949 | F13: 213.48 | G13: 915.717 | H13: 571 | I13: 700 | J13: 60 | K13: 40 | L13: 0 | M13: =L13+K13+J13+I13 -> 800
A14: 44844 | D14: 213.8 | E14: 949 | F14: 213.48 | G14: 915.717 | H14: 550 | I14: 450 | J14: 60 | K14: 40 | L14: 0 | M14: =L14+K14+J14+I14 -> 550
A15: 44845 | D15: 213.8 | E15: 949 | F15: 213.53 | G15: 921.052 | H15: 561 | I15: 400 | J15: 60 | K15: 40 | L15: 0 | M15: =L15+K15+J15+I15 -> 500
A16: 44846 | D16: 213.8 | E16: 949 | F16: 213.43 | G16: 910.42 | H16: 277 | I16: 300 | J16: 60 | K16: 40 | L16: 0 | M16: =L16+K16+J16+I16 -> 400
A17: 44847 | D17: 213.8 | E17: 949 | F17: 213.35 | G17: 902.298 | H17: 383 | I17: 400 | J17: 60 | K17: 40 | L17: 0 | M17: =L17+K17+J17+I17 -> 500
... A35: 44865 | D35: 213.8 | E35: 949 | F35: 213.6 | G35: 928.078 | H35: 230 | I35: 100 | J35: 80 | K35: 50 | L35: 0 | M35: =L35+K35+J35+I35 -> 230
H36: =SUM(H5:H35) -> 11045 | I36: =SUM(I5:I35) -> 7550 | J36: =SUM(J5:J35) -> 2180 | K36: =SUM(K5:K35) -> 1450 | L36: =SUM(L5:L35) -> 0 | M36: =SUM(M5:M35) -> 11180
H37: =H36/11574 -> 0.95429411 | J37: =J36/11574 -> 0.18835321 | K37: =K36/11574 -> 0.1252808
A38: Assistant Executive Engineer | J38: Deputy Executive Engineer
A39: PP Sub Division 2 | J39: PP Sub Division 2
A40: Saluru | J40: Saluru

Sheet NOVEMBER 2022 
A1: RIVER DISCHARGE PARTICULARS OF PEDDAGEDDA RESERVOIR PROJECT FOR THE MONTH OF NOVEMBER, 2022
A3: Date | B3: Name of the Project | C3: Name of the River | D3: FRL (in mts) | E3: Gross Capacity in Mcft | F3: Present Water Level (in Mts) | G3: Present Capacity (in Mcft) | H3: Inflows (in Cusecs) | I3: Outflows (in Cusecs) | M3: Total Out flows (in Cusecs) | N3: Rainfall
I4: SPILLWAY | J4: RIVER SLUICE IN CUSECS | K4: RIGHT HEAD SLUICE IN CUSECS | L4: LOSS
A5: 44866 | B5: PEDDAGEDDA RESERVOIR PROJECT | C5: VEGAVATHI RIVER | D5: 213.8 | E5: 949 | F5: 213.6 | G5: 928.078 | H5: 230 | I5: 100 | J5: 80 | K5: 50 | L5: 0 | M5: =L5+K5+J5+I5 -> 230
A6: 44867 | D6: 213.8 | E6: 949 | F6: 213.57 | G6: 925.25 | H6: 197 | I6: 100 | J6: 80 | K6: 50 | L6: 0 | M6: =L6+K6+J6+I6 -> 230
A7: 44868 | D7: 213.8 | E7: 949 | F7: 213.5 | G7: 917.837 | H7: 144 | I7: 100 | J7: 80 | K7: 50 | L7: 0 | M7: =L7+K7+J7+I7 -> 230
A8: 44869 | D8: 213.8 | E8: 949 | F8: 213.45 | G8: 912.537 | H8: 168 | I8: 100 | J8: 80 | K8: 50 | L8: 0 | M8: =L8+K8+J8+I8 -> 230
A9: 44870 | D9: 213.8 | E9: 949 | F9: 213.4 | G9: 907.242 | H9: 168 | I9: 100 | J9: 80 | K9: 50 | L9: 0 | M9: =L9+K9+J9+I9 -> 230
A10: 44871 | D10: 213.8 | E10: 949 | F10: 213.37 | G10: 904.064 | H10: 193 | I10: 100 | J10: 80 | K10: 50 | L10: 0 | M10: =L10+K10+J10+I10 -> 230
A11: 44872 | D11: 213.8 | E11: 949 | F11: 213.32 | G11: 899.119 | H11: 172 | I11: 100 | J11: 80 | K11: 50 | L11: 0 | M11: =L11+K11+J11+I11 -> 230
A12: 44873 | D12: 213.8 | E12: 949 | F12: 213.27 | G12: 893.469 | H12: 64 | I12: 0 | J12: 80 | K12: 50 | L12: 0 | M12: =L12+K12+J12+I12 -> 130
A13: 44874 | D13: 213.8 | E13: 949 | F13: 213.25 | G13: 891.703 | H13: 109 | I13: 0 | J13: 80 | K13: 50 | L13: 0 | M13: =L13+K13+J13+I13 -> 130
A14: 44875 | D14: 213.8 | E14: 949 | F14: 213.22 | G14: 888.525 | H14: 93 | I14: 0 | J14: 80 | K14: 50 | L14: 0 | M14: =L14+K14+J14+I14 -> 130
A15: 44876 | D15: 213.8 | E15: 949 | F15: 213.2 | G15: 886.406 | H15: 105 | I15: 0 | J15: 80 | K15: 50 | L15: 0 | M15: =L15+K15+J15+I15 -> 130
A16: 44877 | D16: 213.8 | E16: 949 | F16: 213.17 | G16: 883.228 | H16: 93 | I16: 0 | J16: 80 | K16: 50 | L16: 0 | M16: =L16+K16+J16+I16 -> 130
A17: 44878 | D17: 213.8 | E17: 949 | F17: 213.15 | G17: 881.109 | H17: 85 | I17: 0 | J17: 60 | K17: 50 | L17: 0 | M17: =L17+K17+J17+I17 -> 110
... A34: 44895 | D34: 213.8 | E34: 949 | F34: 213.16 | G34: 882.168 | H34: 90 | I34: 0 | J34: 40 | K34: 50 | L34: 0 | M34: =L34+K34+J34+I34 -> 90
H35: =SUM(H5:H34) -> 3434 | I35: =SUM(I5:I34) -> 700 | J35: =SUM(J5:J34) -> 1790 | K35: =SUM(K5:K34) -> 1490 | L35: =SUM(L5:L34) -> 0 | M35: =SUM(M5:M34) -> 3980
H36: =H35/11574 -> 0.2966995 | J36: =J35/11574 -> 0.15465699 | K36: =K35/11574 -> 0.12873682
A37: Assistant Executive Engineer | J37: Deputy Executive Engineer
A38: PP Sub Division 2 | J38: PP Sub Division 2
A39: Saluru | J39: Saluru

Sheet DECEMBER 2022
A1: RIVER DISCHARGE PARTICULARS OF PEDDAGEDDA RESERVOIR PROJECT FOR THE MONTH OF DECEMBER, 2022
A3: Date | B3: Name of the Project | C3: Name of the River | D3: FRL (in mts) | E3: Gross Capacity in Mcft | F3: Present Water Level (in Mts) | G3: Present Capacity (in Mcft) | H3: Inflows (in Cusecs) | I3: Outflows (in Cusecs) | M3: Total Out flows (in Cusecs) | N3: Rainfall
I4: SPILLWAY | J4: RIVER SLUICE IN CUSECS | K4: RIGHT HEAD SLUICE IN CUSECS | L4: LOSS
A5: 44896 | B5: PEDDAGEDDA RESERVOIR PROJECT | C5: VEGAVATHI RIVER | D5: 213.8 | E5: 949 | F5: 213.16 | G5: 882.168 | H5: 90 | I5: 0 | J5: 40 | K5: 50 | L5: 0 | M5: =L5+K5+J5+I5 -> 90
A6: 44897 | D6: 213.8 | E6: 949 | F6: 213.16 | G6: 882.168 | H6: 90 | I6: 0 | J6: 40 | K6: 50 | L6: 0 | M6: =L6+K6+J6+I6 -> 90
A7: 44898 | D7: 213.8 | E7: 949 | F7: 213.16 | G7: 882.168 | H7: 90 | I7: 0 | J7: 40 | K7: 50 | L7: 0 | M7: =L7+K7+J7+I7 -> 90
A8: 44899 | D8: 213.8 | E8: 949 | F8: 213.16 | G8: 882.168 | H8: 90 | I8: 0 | J8: 40 | K8: 50 | L8: 0 | M8: =L8+K8+J8+I8 -> 90
A9: 44900 | D9: 213.8 | E9: 949 | F9: 213.14 | G9: 880.049 | H9: 65 | I9: 0 | J9: 40 | K9: 50 | L9: 0 | M9: =L9+K9+J9+I9 -> 90
A10: 44901 | D10: 213.8 | E10: 949 | F10: 213.12 | G10: 877.931 | H10: 65 | I10: 0 | J10: 40 | K10: 50 | L10: 0 | M10: =L10+K10+J10+I10 -> 90
A11: 44902 | D11: 213.8 | E11: 949 | F11: 213.12 | G11: 877.931 | H11: 55 | I11: 0 | J11: 40 | K11: 15 | L11: 0 | M11: =L11+K11+J11+I11 -> 55
A12: 44903 | D12: 213.8 | E12: 949 | F12: 213.12 | G12: 877.931 | H12: 55 | I12: 0 | J12: 40 | K12: 15 | L12: 0 | M12: =L12+K12+J12+I12 -> 55
A13: 44904 | D13: 213.8 | E13: 949 | F13: 213.12 | G13: 877.931 | H13: 50 | I13: 0 | J13: 40 | K13: 10 | L13: 0 | M13: =L13+K13+J13+I13 -> 50
A14: 44905 | D14: 213.8 | E14: 949 | F14: 213.12 | G14: 877.931 | H14: 50 | I14: 0 | J14: 40 | K14: 10 | L14: 0 | M14: =L14+K14+J14+I14 -> 50
A15: 44906 | D15: 213.8 | E15: 949 | F15: 213.14 | G15: 880.049 | H15: 114 | I15: 0 | J15: 40 | K15: 10 | L15: 0 | M15: =L15+K15+J15+I15 -> 50
A16: 44907 | D16: 213.8 | E16: 949 | F16: 213.14 | G16: 880.049 | H16: 30 | I16: 0 | J16: 20 | K16: 10 | L16: 0 | M16: =L16+K16+J16+I16 -> 30
A17: 44908 | D17: 213.8 | E17: 949 | F17: 213.14 | G17: 880.049 | H17: 30 | I17: 0 | J17: 20 | K17: 10 | L17: 0 | M17: =L17+K17+J17+I17 -> 30
... A35: 44926 | D35: 213.8 | E35: 949 | F35: 212.98 | G35: 863.098 | H35: 0 | I35: 0 | J35: 0 | K35: 0 | L35: 25 | M35: =L35+K35+J35+I35 -> 25
H36: =SUM(H5:H35) -> 1125 | I36: =SUM(I5:I35) -> 0 | J36: =SUM(J5:J35) -> 560 | K36: =SUM(K5:K35) -> 410 | L36: =SUM(L5:L35) -> 310 | M36: =SUM(M5:M35) -> 1280
H37: =H36/11574 -> 0.097200622 | J37: =J36/11574 -> 0.04838431 | K37: =K36/11574 -> 0.035424227
A38: Assistant Executive Engineer | J38: Deputy Executive Engineer
A39: PP Sub Division 2 | J39: PP Sub Division 2
A40: Saluru | J40: Saluru
