Workbook

Sheet DECEMBER 2024
A1: RIVER DISCHARGE PARTICULARS OF PEDDAGEDDA RESERVOIR PROJECT FOR THE MONTH OF DECDEMBER, 2024
A3: Date | B3: Name of the Project | C3: Name of the River | D3: FRL (in Mts) | E3: Present Water Level (in Mts) | F3: Present Capacity (Mcft) | G3: Inflows (in Cusecs) | H3: Outflows (in Cusecs) | L3: Total Out flows (in Cusecs) | M3: Rainfall
H4: SPILLWAY | I4: RIVER SLUICE In Cusecs | J4: RIGHT HEAD SLUICE In Cusecs | K4: LOSS
A5: 45627 | B5: PEDDAGEDDA RESERVOIR PROJECT | C5: VEGAVATHI RIVER | D5: 213.8 | E5: 210.23 | F5: 586.138 | G5: 70 | H5: 0 | I5: 70 | J5: 30 | K5: 0 | L5: =H5+I5+J5+K5 -> 100
A6: 45628 | D6: 213.8 | E6: 210.27 | F6: 589.603 | G6: 110 | H6: 0 | I6: 70 | J6: 0 | K6: 0 | L6: =H6+I6+J6+K6 -> 70
A7: 45629 | D7: 213.8 | E7: 210.27 | F7: 589.603 | G7: 70 | H7: 0 | I7: 70 | J7: 0 | K7: 0 | L7: =H7+I7+J7+K7 -> 70
A8: 45630 | D8: 213.8 | E8: 210.32 | F8: 593.935 | G8: 90 | H8: 0 | I8: 40 | J8: 0 | K8: 0 | L8: =H8+I8+J8+K8 -> 40
A9: 45631 | D9: 213.8 | E9: 210.38 | F9: 599.133 | G9: 100 | H9: 0 | I9: 40 | J9: 0 | K9: 0 | L9: =H9+I9+J9+K9 -> 40
A10: 45632 | D10: 213.8 | E10: 210.43 | F10: 603.456 | G10: 90 | H10: 0 | I10: 40 | J10: 0 | K10: 0 | L10: =H10+I10+J10+K10 -> 40
A11: 45633 | D11: 213.8 | E11: 210.39 | F11: 599.999 | G11: 0 | H11: 0 | I11: 40 | J11: 0 | K11: 0 | L11: =H11+I11+J11+K11 -> 40
A12: 45634 | D12: 213.8 | E12: 210.39 | F12: 599.999 | G12: 40 | H12: 0 | I12: 40 | J12: 0 | K12: 0 | L12: =H12+I12+J12+K12 -> 40
A13: 45635 | D13: 213.8 | E13: 210.39 | F13: 599.999 | G13: 40 | H13: 0 | I13: 40 | J13: 0 | K13: 0 | L13: =H13+I13+J13+K13 -> 40
A14: 45636 | D14: 213.8 | E14: 210.42 | F14: 602.598 | G14: 45 | H14: 0 | I14: 0 | J14: 0 | K14: 15 | L14: =H14+I14+J14+K14 -> 15
A15: 45637 | D15: 213.8 | E15: 210.44 | F15: 604.331 | G15: 35 | H15: 0 | I15: 0 | J15: 0 | K15: 15 | L15: =H15+I15+J15+K15 -> 15
A16: 45638 | D16: 213.8 | E16: 210.46 | F16: 606.064 | G16: 35 | H16: 0 | I16: 0 | J16: 0 | K16: 15 | L16: =H16+I16+J16+K16 -> 15
A17: 45639 | D17: 213.8 | E17: 210.49 | F17: 608.663 | G17: 45 | H17: 0 | I17: 0 | J17: 0 | K17: 15 | L17: =H17+I17+J17+K17 -> 15
... A35: 45657 | D35: 213.8 | E35: 212.4 | F35: 802.81 | G35: 112 | H35: 0 | I35: 0 | J35: 0 | K35: 15 | L35: =H35+I35+J35+K35 -> 15
G36: =SUM(G5:G35) -> 3288 | H36: =SUM(H5:H35) -> 0 | I36: =SUM(I5:I35) -> 450 | J36: =SUM(J5:J35) -> 30 | K36: =SUM(K5:K35) -> 330 | L36: =SUM(L5:L35) -> 810
A39: Assistant Executive Engineer | I39: Deputy Executive Engineer
A40: PP Sub Division 2 | I40: PP Sub Division 2
A41: Saluru | I41: Saluru

Sheet November 2024
A1: RIVER DISCHARGE PARTICULARS OF PEDDAGEDDA RESERVOIR PROJECT FOR THE MONTH OF NOVEMBER, 2024
A3: Date | B3: Name of the Project | C3: Name of the River | D3: FRL (in Mts) | E3: Present Water Level (in Mts) | F3: Present Capacity (Mcft) | G3: Inflows (in Cusecs) | H3: Outflows (in Cusecs) | L3: Total Out flows (in Cusecs) | M3: Rainfall
H4: SPILLWAY | I4: RIVER SLUICE In Cusecs | J4: RIGHT HEAD SLUICE In Cusecs | K4: LOSS
A5: 45597 | B5: PEDDAGEDDA RESERVOIR PROJECT | C5: VEGAVATHI RIVER | D5: 213.8 | E5: 212.21 | F5: 782.944 | G5: 67 | I5: 70 | J5: 70 | L5: =H5+I5+J5+K5 -> 140
A6: 45598 | D6: 213.8 | E6: 212.15 | F6: 776.671 | G6: 67 | I6: 70 | J6: 70 | L6: =H6+I6+J6+K6 -> 140
A7: 45599 | D7: 213.8 | E7: 212.09 | F7: 770.397 | G7: 67 | I7: 70 | J7: 70 | L7: =H7+I7+J7+K7 -> 140
A8: 45600 | D8: 213.8 | E8: 212.02 | F8: 763.078 | G8: 55 | I8: 70 | J8: 70 | L8: =H8+I8+J8+K8 -> 140
A9: 45601 | D9: 213.8 | E9: 211.96 | F9: 756.805 | G9: 67 | I9: 70 | J9: 70 | L9: =H9+I9+J9+K9 -> 140
A10: 45602 | D10: 213.8 | E10: 211.9 | F10: 750.532 | G10: 67 | I10: 70 | J10: 70 | L10: =H10+I10+J10+K10 -> 140
A11: 45603 | D11: 213.8 | E11: 211.83 | F11: 743.213 | G11: 55 | I11: 70 | J11: 70 | L11: =H11+I11+J11+K11 -> 140
A12: 45604 | D12: 213.8 | E12: 211.76 | F12: 735.894 | G12: 55 | I12: 70 | J12: 70 | L12: =H12+I12+J12+K12 -> 140
A13: 45605 | D13: 213.8 | E13: 211.7 | F13: 729.62 | G13: 67 | I13: 70 | J13: 70 | L13: =H13+I13+J13+K13 -> 140
A14: 45606 | D14: 213.8 | E14: 211.64 | F14: 723.346 | G14: 67 | I14: 70 | J14: 70 | L14: =H14+I14+J14+K14 -> 140
A15: 45607 | D15: 213.8 | E15: 211.58 | F15: 717.073 | G15: 67 | I15: 70 | J15: 70 | L15: =H15+I15+J15+K15 -> 140
A16: 45608 | D16: 213.8 | E16: 211.52 | F16: 710.8 | G16: 67 | I16: 70 | J16: 70 | L16: =H16+I16+J16+K16 -> 140
A17: 45609 | D17: 213.8 | E17: 211.46 | F17: 704.526 | G17: 67 | I17: 70 | J17: 70 | L17: =H17+I17+J17+K17 -> 140
... A34: 45626 | D34: 213.8 | E34: 210.26 | F34: 588.737 | G34: 100 | I34: 70 | J34: 30 | L34: =H34+I34+J34+K34 -> 100
G35: =SUM(G5:G34) -> 1455 | H35: =SUM(H5:H34) -> 0 | I35: =SUM(I5:I34) -> 2100 | J35: =SUM(J5:J34) -> 1680 | K35: =SUM(K5:K34) -> 0 | L35: =SUM(L5:L34) -> 3780
G36: =G35/11574 -> 0.1257128 | I36: =I35/11574 -> 0.18144116 | J36: =J35/11574 -> 0.14515293
A37: Assistant Executive Engineer | I37: Deputy Executive Engineer
A38: PP Sub Division 2 | I38: PP Sub Division 2
A39: Saluru | I39: Saluru

Sheet OCTOBER 2024
A1: RIVER DISCHARGE PARTICULARS OF PEDDAGEDDA RESERVOIR PROJECT FOR THE MONTH OF OCTOBER, 2024
A3: Date | B3: Name of the Project | C3: Name of the River | D3: FRL (in Mts) | E3: Present Water Level (in Mts) | F3: Present Capacity (Mcft) | G3: Inflows (in Cusecs) | H3: Outflows (in Cusecs) | L3: Total Out flows (in Cusecs) | M3: Rainfall
H4: SPILLWAY | I4: RIVER SLUICE In Cusecs | J4: RIGHT HEAD SLUICE In Cusecs | K4: LOSS
A5: 45566 | B5: PEDDAGEDDA RESERVOIR PROJECT | C5: VEGAVATHI RIVER | D5: 213.8 | E5: 213.64 | F5: 932.461 | G5: 188 | H5: 0 | I5: 70 | J5: 60 | K5: 0 | L5: =H5+I5+J5+K5 -> 130
A6: 45567 | D6: 213.8 | E6: 213.65 | F6: 933.506 | G6: 151 | H6: 0 | I6: 70 | J6: 60 | K6: 0 | L6: =H6+I6+J6+K6 -> 130
A7: 45568 | D7: 213.8 | E7: 213.67 | F7: 935.597 | G7: 164 | H7: 0 | I7: 70 | J7: 60 | K7: 0 | L7: =H7+I7+J7+K7 -> 130
A8: 45569 | D8: 213.8 | E8: 213.67 | F8: 935.597 | G8: 140 | H8: 0 | I8: 70 | J8: 70 | K8: 0 | L8: =H8+I8+J8+K8 -> 140
A9: 45570 | D9: 213.8 | E9: 213.62 | F9: 930.37 | G9: 80 | H9: 0 | I9: 70 | J9: 70 | K9: 0 | L9: =H9+I9+J9+K9 -> 140
A10: 45571 | D10: 213.8 | E10: 213.58 | F10: 928.187 | G10: 92 | H10: 0 | I10: 70 | J10: 70 | K10: 0 | L10: =H10+I10+J10+K10 -> 140
A11: 45572 | D11: 213.8 | E11: 213.55 | F11: 923.051 | G11: 103 | H11: 0 | I11: 70 | J11: 70 | K11: 0 | L11: =H11+I11+J11+K11 -> 140
A12: 45573 | D12: 213.8 | E12: 213.5 | F12: 917.823 | G12: 80 | H12: 0 | I12: 70 | J12: 70 | K12: 0 | L12: =H12+I12+J12+K12 -> 140
A13: 45574 | D13: 213.8 | E13: 213.5 | F13: 917.823 | G13: 140 | H13: 0 | I13: 70 | J13: 70 | K13: 0 | L13: =H13+I13+J13+K13 -> 140
A14: 45575 | D14: 213.8 | E14: 213.44 | F14: 911.549 | G14: 67 | H14: 0 | I14: 70 | J14: 70 | K14: 0 | L14: =H14+I14+J14+K14 -> 140
A15: 45576 | D15: 213.8 | E15: 213.38 | F15: 905.276 | G15: 67 | H15: 0 | I15: 70 | J15: 70 | K15: 0 | L15: =H15+I15+J15+K15 -> 140
A16: 45577 | D16: 213.8 | E16: 213.37 | F16: 904.23 | G16: 128 | H16: 0 | I16: 70 | J16: 70 | K16: 0 | L16: =H16+I16+J16+K16 -> 140
A17: 45578 | D17: 213.8 | E17: 213.3 | F17: 896.911 | G17: 55 | H17: 0 | I17: 70 | J17: 70 | K17: 0 | L17: =H17+I17+J17+K17 -> 140
... A35: 45596 | D35: 213.8 | E35: 212.27 | F35: 789.218 | G35: 55 | H35: 0 | I35: 70 | J35: 70 | K35: 0 | L35: =H35+I35+J35+K35 -> 140
G36: =SUM(G5:G35) -> 2702 | H36: =SUM(H5:H35) -> 0 | I36: =SUM(I5:I35) -> 2170 | J36: =SUM(J5:J35) -> 2140 | K36: =SUM(K5:K35) -> 0 | L36: =SUM(L5:L35) -> 4310
G37: =G36/11574 -> 0.23345429 | I37: =I36/11574 -> 0.1874892 | J37: =J36/11574 -> 0.18489718
A38: Assistant Executive Engineer | I38: Deputy Executive Engineer
A39: PP Sub Division 2 | I39: PP Sub Division 2
A40: Saluru | I40: Saluru

Sheet SEPTEMBER 2024
A1: RIVER DISCHARGE PARTICULARS OF PEDDAGEDDA RESERVOIR PROJECT FOR THE MONTH OF SEPTEMBER, 2024
A3: Date | B3: Name of the Project | C3: Name of the River | D3: FRL (in Mts) | E3: Present Water Level (in Mts) | F3: Present Capacity (Mcft) | G3: Inflows (in Cusecs) | H3: Outflows (in Cusecs) | L3: Total Out flows (in Cusecs) | M3: Rainfall
H4: SPILLWAY | I4: RIVER SLUICE In Cusecs | J4: RIGHT HEAD SLUICE In Cusecs | K4: LOSS
A5: 45536 | B5: PEDDAGEDDA RESERVOIR PROJECT | C5: VEGAVATHI RIVER | D5: 213.8 | E5: 213.62 | F5: 928.279 | G5: 245 | I5: 70 | J5: 30 | L5: =H5+I5+J5+K5 -> 100
A6: 45537 | D6: 213.8 | E6: 213.5 | F6: 917.823 | G6: 374 | H6: 300 | I6: 0 | J6: 50 | L6: =H6+I6+J6+K6 -> 350
A7: 45538 | D7: 213.8 | E7: 213.5 | F7: 917.823 | G7: 140 | I7: 70 | J7: 70 | L7: =H7+I7+J7+K7 -> 140
A8: 45539 | D8: 213.8 | E8: 213.5 | F8: 917.823 | G8: 340 | H8: 200 | I8: 70 | J8: 70 | L8: =H8+I8+J8+K8 -> 340
A9: 45540 | D9: 213.8 | E9: 213.54 | F9: 922.005 | G9: 188 | I9: 70 | J9: 70 | L9: =H9+I9+J9+K9 -> 140
A10: 45541 | D10: 213.8 | E10: 213.45 | F10: 912.595 | G10: 1031 | H10: 1000 | I10: 70 | J10: 70 | L10: =H10+I10+J10+K10 -> 1140
A11: 45542 | D11: 213.8 | E11: 213.37 | F11: 904.23 | G11: 623 | H11: 600 | I11: 70 | J11: 50 | L11: =H11+I11+J11+K11 -> 720
A12: 45543 | D12: 213.8 | E12: 213.3 | F12: 896.911 | G12: 287 | H12: 200 | I12: 70 | J12: 30 | L12: =H12+I12+J12+K12 -> 300
A13: 45544 | D13: 213.8 | E13: 213.33 | F13: 900.048 | G13: 287 | H13: 200 | I13: 70 | J13: 30 | L13: =H13+I13+J13+K13 -> 300
A14: 45545 | D14: 213.8 | E14: 213.31 | F14: 897.957 | G14: 330 | H14: 200 | I14: 70 | J14: 60 | L14: =H14+I14+J14+K14 -> 330
A15: 45546 | D15: 213.8 | E15: 213.5 | F15: 917.823 | G15: 359 | H15: 130 | I15: 70 | J15: 60 | L15: =H15+I15+J15+K15 -> 260
A16: 45547 | D16: 213.8 | E16: 213.64 | F16: 932.461 | G16: 299 | I16: 70 | J16: 60 | L16: =H16+I16+J16+K16 -> 130
A17: 45548 | D17: 213.8 | E17: 213.73 | F17: 941.871 | G17: 238 | I17: 70 | J17: 60 | L17: =H17+I17+J17+K17 -> 130
A18: 45549 | D18: 213.8 | E18: 213.39 | F18: 906.321 | G18: 218 | H18: 500 | I18: 70 | J18: 60 | L18: =H18+I18+J18+K18 -> 630
A19: 45550 | D19: 213.8 | E19: 213.49 | F19: 916.777 | G19: 251 | I19: 70 | J19: 60 | L19: =H19+I19+J19+K19 -> 130
A20: 45551 | D20: 213.8 | E20: 213.47 | F20: 914.686 | G20: 106 | I20: 70 | J20: 60 | L20: =H20+I20+J20+K20 -> 130
A21: 45552 | D21: 213.8 | E21: 213.48 | F21: 915.732 | G21: 142 | I21: 70 | J21: 60 | L21: =H21+I21+J21+K21 -> 130
A22: 45553 | D22: 213.8 | E22: 213.48 | F22: 915.732 | G22: 130 | I22: 70 | J22: 60 | L22: =H22+I22+J22+K22 -> 130
A23: 45554 | D23: 213.8 | E23: 213.48 | F23: 915.732 | G23: 130 | I23: 70 | J23: 60 | L23: =H23+I23+J23+K23 -> 130
A24: 45555 | D24: 213.8 | E24: 213.64 | F24: 932.461 | G24: 324 | I24: 70 | J24: 60 | L24: =H24+I24+J24+K24 -> 130
A25: 45556 | D25: 213.8 | E25: 213.69 | F25: 937.689 | G25: 191 | I25: 70 | J25: 60 | L25: =H25+I25+J25+K25 -> 130
A26: 45557 | D26: 213.8 | E26: 213.69 | F26: 937.689 | G26: 130 | I26: 70 | J26: 60 | L26: =H26+I26+J26+K26 -> 130
A27: 45558 | D27: 213.8 | E27: 213.69 | F27: 937.689 | G27: 130 | I27: 70 | J27: 60 | L27: =H27+I27+J27+K27 -> 130
A28: 45559 | D28: 213.8 | E28: 213.73 | F28: 941.871 | G28: 178 | I28: 70 | J28: 60 | L28: =H28+I28+J28+K28 -> 130
A29: 45560 | D29: 213.8 | E29: 213.49 | F29: 916.777 | G29: 139 | I29: 70 | J29: 60 | L29: =H29+I29+J29+K29 -> 130
A30: 45561 | D30: 213.8 | E30: 213.49 | F30: 916.777 | G30: 130 | I30: 70 | J30: 60 | L30: =H30+I30+J30+K30 -> 130
... A34: 45565 | D34: 213.8 | E34: 213.6 | F34: 928.278 | G34: 263 | I34: 70 | J34: 60 | L34: =H34+I34+J34+K34 -> 130
G35: =SUM(G5:G34) -> 7593 | H35: =SUM(H5:H34) -> 3330 | I35: =SUM(I5:I34) -> 2030 | J35: =SUM(J5:J34) -> 1730 | K35: =SUM(K5:K34) -> 0 | L35: =SUM(L5:L34) -> 7090
G36: =G35/11574 -> 0.6560394 | I36: =I35/11574 -> 0.17539312 | J36: =J35/11574 -> 0.14947296
A37: Assistant Executive Engineer | I37: Deputy Executive Engineer
A38: PP Sub Division 2 | I38: PP Sub Division 2
A39: Saluru | I39: Saluru

Sheet AUGUST  2024
A1: RIVER DISCHARGE PARTICULARS OF PEDDAGEDDA RESERVOIR PROJECT FOR THE MONTH OF AUGUST, 2024
A3: Date | B3: Name of the Project | C3: Name of the River | D3: FRL (in Mts) | E3: Present Water Level (in Mts) | F3: Present Capacity (Mcft) | G3: Inflows (in Cusecs) | H3: Outflows (in Cusecs) | L3: Total Out flows (in Cusecs) | M3: Rainfall
H4: SPILLWAY | I4: RIVER SLUICE In Cusecs | J4: RIGHT HEAD SLUICE In Cusecs | K4: LOSS
A5: 45505 | B5: PEDDAGEDDA RESERVOIR PROJECT | C5: VEGAVATHI RIVER | D5: 213.8 | E5: 213.6 | F5: 928.279 | G5: 111 | K5: 15 | L5: =H5+I5+J5+K5 -> 15
A6: 45506 | D6: 213.8 | E6: 213.59 | F6: 927.232 | G6: 73 | J6: 70 | K6: 15 | L6: =H6+I6+J6+K6 -> 85
A7: 45507 | D7: 213.8 | E7: 213.58 | F7: 926.187 | G7: 72 | J7: 70 | K7: 15 | L7: =H7+I7+J7+K7 -> 85
A8: 45508 | D8: 213.8 | E8: 213.6 | F8: 928.278 | G8: 109 | J8: 70 | K8: 15 | L8: =H8+I8+J8+K8 -> 85
A9: 45509 | D9: 213.8 | E9: 213.6 | F9: 928.278 | G9: 85 | J9: 70 | K9: 15 | L9: =H9+I9+J9+K9 -> 85
A10: 45510 | D10: 213.8 | E10: 213.58 | F10: 926.187 | G10: 61 | J10: 70 | K10: 15 | L10: =H10+I10+J10+K10 -> 85
A11: 45511 | D11: 213.8 | E11: 213.52 | F11: 917.823 | G11: 43 | I11: 70 | J11: 70 | L11: =H11+I11+J11+K11 -> 140
A12: 45512 | D12: 213.8 | E12: 213.53 | F12: 920.959 | G12: 173 | I12: 70 | J12: 70 | L12: =H12+I12+J12+K12 -> 140
A13: 45513 | D13: 213.8 | E13: 213.53 | F13: 920.959 | G13: 140 | I13: 70 | J13: 70 | L13: =H13+I13+J13+K13 -> 140
A14: 45514 | D14: 213.8 | E14: 213.53 | F14: 920.959 | G14: 140 | I14: 70 | J14: 70 | L14: =H14+I14+J14+K14 -> 140
A15: 45515 | D15: 213.8 | E15: 213.53 | F15: 920.959 | G15: 140 | I15: 70 | J15: 70 | L15: =H15+I15+J15+K15 -> 140
A16: 45516 | D16: 213.8 | E16: 213.48 | F16: 915.732 | G16: 79 | I16: 70 | J16: 70 | L16: =H16+I16+J16+K16 -> 140
A17: 45517 | D17: 213.8 | E17: 213.43 | F17: 910.504 | G17: 79 | I17: 70 | J17: 70 | L17: =H17+I17+J17+K17 -> 140
A18: 45518 | D18: 213.8 | E18: 213.4 | F18: 907.367 | G18: 103 | I18: 70 | J18: 70 | L18: =H18+I18+J18+K18 -> 140
A19: 45519 | D19: 213.8 | E19: 213.35 | F19: 902.139 | G19: 79 | I19: 70 | J19: 70 | L19: =H19+I19+J19+K19 -> 140
A20: 45520 | D20: 213.8 | E20: 213.3 | F20: 896.911 | G20: 79 | I20: 70 | J20: 70 | L20: =H20+I20+J20+K20 -> 140
A21: 45521 | D21: 213.8 | E21: 213.35 | F21: 902.139 | G21: 200 | I21: 70 | J21: 70 | L21: =H21+I21+J21+K21 -> 140
A22: 45522 | D22: 213.8 | E22: 213.39 | F22: 906.321 | G22: 188 | I22: 70 | J22: 70 | L22: =H22+I22+J22+K22 -> 140
... A35: 45535 | D35: 213.8 | E35: 213.48 | F35: 915.732 | G35: 140 | I35: 70 | J35: 70 | L35: =H35+I35+J35+K35 -> 140
G36: =SUM(G5:G35) -> 3882 | H36: =SUM(H5:H35) -> 0 | I36: =SUM(I5:I35) -> 1750 | J36: =SUM(J5:J35) -> 2100 | K36: =SUM(K5:K35) -> 90 | L36: =SUM(L5:L35) -> 3940
G37: =G36/11574 -> 0.33540695 | I37: =I36/11574 -> 0.15120097 | J37: =J36/11574 -> 0.18144116
A38: Assistant Executive Engineer | I38: Deputy Executive Engineer
A39: PP Sub Division 2 | I39: PP Sub Division 2
A40: Saluru | I40: Saluru

Sheet JULY  2024
A1: RIVER DISCHARGE PARTICULARS OF PEDDAGEDDA RESERVOIR PROJECT FOR THE MONTH OF JULY, 2024
A3: Date | B3: Name of the Project | C3: Name of the River | D3: FRL (in Mts) | E3: Present Water Level (in Mts) | F3: Present Capacity (Mcft) | G3: Inflows (in Cusecs) | H3: Outflows (in Cusecs) | L3: Total Out flows (in Cusecs) | M3: Rainfall
H4: SPILLWAY | I4: RIVER SLUICE In Cusecs | J4: RIGHT HEAD SLUICE In Cusecs | K4: LOSS
A5: 45474 | B5: PEDDAGEDDA RESERVOIR PROJECT | C5: VEGAVATHI RIVER | D5: 213.8 | E5: 213.1 | F5: 876 | G5: 63 | K5: 15
A6: 45475 | D6: 213.8 | E6: 213.12 | F6: 878.091 | G6: 39 | K6: 15
A7: 45476 | D7: 213.8 | E7: 213.13 | F7: 879.137 | G7: 27 | K7: 15
A8: 45477 | D8: 213.8 | E8: 213.13 | F8: 789.137 | G8: 15 | K8: 15
A9: 45478 | D9: 213.8 | E9: 213.13 | F9: 789.137 | G9: 15 | K9: 15
A10: 45479 | D10: 213.8 | E10: 213.13 | F10: 789.137 | G10: 15 | K10: 15
A11: 45480 | D11: 213.8 | E11: 213.13 | F11: 789.137 | G11: 15 | K11: 15
A12: 45481 | D12: 213.8 | E12: 213.13 | F12: 789.137 | G12: 15 | K12: 15
A13: 45482 | D13: 213.8 | E13: 213.13 | F13: 789.137 | G13: 15 | K13: 15
A14: 45483 | D14: 213.8 | E14: 213.15 | F14: 881.228 | G14: 39 | K14: 15
A15: 45484 | D15: 213.8 | E15: 213.16 | F15: 882.273 | G15: 27 | K15: 15
A16: 45485 | D16: 213.8 | E16: 213.17 | F16: 883.319 | G16: 27 | K16: 15
A17: 45486 | D17: 213.8 | E17: 213.19 | F17: 885.41 | G17: 39 | K17: 15
... A23: 45492 | D23: 213.8 | E23: 213.4 | F23: 907.367 | G23: 99 | K23: 15
A24: 45493 | D24: 213.8 | E24: 213.48 | F24: 915.732 | G24: 111 | J24: 50
A25: 45494 | D25: 213.8 | E25: 213.65 | F25: 933.506 | G25: 571 | H25: 350 | K25: 15
A26: 45495 | D26: 213.8 | E26: 213.51 | F26: 918.868 | G26: 145 | H26: 300 | K26: 15
A27: 45496 | D27: 213.8 | E27: 213.5 | F27: 917.823 | G27: 102 | H27: 100 | K27: 15
A28: 45497 | D28: 213.8 | E28: 213.5 | F28: 917.823 | G28: 115 | H28: 100 | K28: 15
A29: 45498 | D29: 213.8 | E29: 213.5 | F29: 917.823 | G29: 115 | H29: 100 | K29: 15
A30: 45499 | D30: 213.8 | E30: 213.52 | F30: 919.914 | G30: 139 | H30: 100 | K30: 15
A31: 45500 | D31: 213.8 | E31: 213.52 | F31: 919.914 | G31: 215 | H31: 200 | K31: 15
A32: 45501 | D32: 213.8 | E32: 213.52 | F32: 919.914 | G32: 115 | H32: 100 | K32: 15
A33: 45502 | D33: 213.8 | E33: 213.52 | F33: 919.914 | G33: 115 | H33: 100 | K33: 15
A34: 45503 | D34: 213.8 | E34: 213.52 | F34: 919.914 | G34: 115 | H34: 100 | K34: 15
A35: 45504 | D35: 213.8 | E35: 213.52 | F35: 919.914 | G35: 115 | H35: 100 | K35: 15
G36: =SUM(G5:G35) -> 2666 | H36: =SUM(H5:H35) -> 1650 | I36: =SUM(I5:I35) -> 0 | J36: =SUM(J5:J35) -> 50 | K36: =SUM(K5:K35) -> 450 | L36: =SUM(L5:L35) -> 0
G37: =G36/11574 -> 0.23034387 | I37: =I36/11574 -> 0 | J37: =J36/11574 -> 0.0043200276
A38: Assistant Executive Engineer | I38: Deputy Executive Engineer
A39: PP Sub Division 2 | I39: PP Sub Division 2
A40: Saluru | I40: Saluru

Sheet JUNE 2024
A1: RIVER DISCHARGE PARTICULARS OF PEDDAGEDDA RESERVOIR PROJECT FOR THE MONTH OF JUNE, 2024
A3: Date | B3: Name of the Project | C3: Name of the River | D3: FRL (in mts) | E3: Present Water Level (in Mts) | F3: Present Capacity (Mcft) | G3: Inflows (in Cusecs) | H3: Outflows (in Cusecs) | L3: Total Out flows (in Cusecs) | M3: Rainfall
H4: SPILLWAY | I4: RIVER SLUICE IN CUSECS | J4: RIGHT HEAD SLUICE IN CUSECS | K4: LOSS
A5: 45444 | B5: PEDDAGEDDA RESERVOIR PROJECT | C5: VEGAVATHI RIVER | D5: 213.8 | E5: 212.18 | F5: 779.808 | G5: 15 | H5: 0 | I5: 0 | J5: 0 | K5: 15 | L5: =H5+I5+J5+K5 -> 15
A6: 45445 | D6: 213.8 | E6: 212.18 | F6: 779.808 | G6: 15 | H6: 0 | I6: 0 | J6: 0 | K6: 15 | L6: =H6+I6+J6+K6 -> 15
A7: 45446 | D7: 213.8 | E7: 212.18 | F7: 779.808 | G7: 15 | H7: 0 | I7: 0 | J7: 0 | K7: 15 | L7: =H7+I7+J7+K7 -> 15
A8: 45447 | D8: 213.8 | E8: 212.17 | F8: 778.762 | G8: 2 | H8: 0 | I8: 0 | J8: 0 | K8: 15 | L8: =H8+I8+J8+K8 -> 15
A9: 45448 | D9: 213.8 | E9: 212.16 | F9: 777.716 | G9: 2 | H9: 0 | I9: 0 | J9: 0 | K9: 15 | L9: =H9+I9+J9+K9 -> 15
A10: 45449 | D10: 213.8 | E10: 212.16 | F10: 777.16 | G10: 15 | H10: 0 | I10: 0 | J10: 0 | K10: 15 | L10: =H10+I10+J10+K10 -> 15
A11: 45450 | D11: 213.8 | E11: 212.16 | F11: 777.16 | G11: 15 | H11: 0 | I11: 0 | J11: 0 | K11: 15 | L11: =H11+I11+J11+K11 -> 15
A12: 45451 | D12: 213.8 | E12: 212.16 | F12: 777.16 | G12: 15 | H12: 0 | I12: 0 | J12: 0 | K12: 15 | L12: =H12+I12+J12+K12 -> 15
A13: 45452 | D13: 213.8 | E13: 212.16 | F13: 777.16 | G13: 15 | H13: 0 | I13: 0 | J13: 0 | K13: 15 | L13: =H13+I13+J13+K13 -> 15
A14: 45453 | D14: 213.8 | E14: 212.16 | F14: 777.16 | G14: 15 | H14: 0 | I14: 0 | J14: 0 | K14: 15 | L14: =H14+I14+J14+K14 -> 15
A15: 45454 | D15: 213.8 | E15: 212.16 | F15: 777.16 | G15: 15 | H15: 0 | I15: 0 | J15: 0 | K15: 15 | L15: =H15+I15+J15+K15 -> 15
A16: 45455 | D16: 213.8 | E16: 212.16 | F16: 777.16 | G16: 15 | H16: 0 | I16: 0 | J16: 0 | K16: 15 | L16: =H16+I16+J16+K16 -> 15
A17: 45456 | D17: 213.8 | E17: 212.16 | F17: 777.16 | G17: 15 | H17: 0 | I17: 0 | J17: 0 | K17: 15 | L17: =H17+I17+J17+K17 -> 15
... A33: 45472 | D33: 213.8 | E33: 213.01 | F33: 866.59 | G33: 269 | H33: 0 | I33: 0 | J33: 0 | K33: 15 | L33: =H33+I33+J33+K33 -> 15
A34: 45473 | D34: 213.8 | E34: 213.06 | F34: 871.818 | G34: 75 | H34: 0 | I34: 0 | J34: 0 | K34: 15 | L34: =H34+I34+J34+K34 -> 15 | O34: =+G35+'JULY 2024'!G36+'AUGUST 2024'!G36+'SEPTEMBER 2024'!G35+'OCTOBER 2024'!G36+'November 2024'!G35+'DECEMBER 2024'!G36+'MAY 2024'!G36+'APRIL 2024'!G35+'MARCH 2024'!G36+'FEBRUARY 2024'!G34+'JANUARY 2024'!G36 -> 24428.3 | P34: =+H35+'JULY 2024'!H36+'AUGUST 2024'!H36+'SEPTEMBER 2024'!H35+'OCTOBER 2024'!H36+'November 2024'!H35+'DECEMBER 2024'!H36+'MAY 2024'!H36+'APRIL 2024'!H35+'MARCH 2024'!H36+'FEBRUARY 2024'!H34+'JANUARY 2024'!H36 -> 4980 | Q34: =+I35+'JULY 2024'!I36+'AUGUST 2024'!I36+'SEPTEMBER 2024'!I35+'OCTOBER 2024'!I36+'November 2024'!I35+'DECEMBER 2024'!I36+'MAY 2024'!I36+'APRIL 2024'!I35+'MARCH 2024'!I36+'FEBRUARY 2024'!I34+'JANUARY 2024'!I36 -> 9030 | R34: =+J35+'JULY 2024'!J36+'AUGUST 2024'!J36+'SEPTEMBER 2024'!J35+'OCTOBER 2024'!J36+'November 2024'!J35+'DECEMBER 2024'!J36+'MAY 2024'!J36+'APRIL 2024'!J35+'MARCH 2024'!J36+'FEBRUARY 2024'!J34+'JANUARY 2024'!J36 -> 7730 | S34: =+K35+'JULY 2024'!K36+'AUGUST 2024'!K36+'SEPTEMBER 2024'!K35+'OCTOBER 2024'!K36+'November 2024'!K35+'DECEMBER 2024'!K36+'MAY 2024'!K36+'APRIL 2024'!K35+'MARCH 2024'!K36+'FEBRUARY 2024'!K34+'JANUARY 2024'!K36 -> 2200 | T34: 0
G35: =SUM(G5:G34) -> 1510 | H35: =SUM(H5:H34) -> 0 | I35: =SUM(I5:I34) -> 0 | J35: =SUM(J5:J34) -> 0 | K35: =SUM(K5:K34) -> 450 | L35: =SUM(L5:L34) -> 450
G36: =G35/11574 -> 0.13046483 | I36: =I35/11574 -> 0 | J36: =J35/11574 -> 0 | Q36: 11574
A37: Assistant Executive Engineer | I37: Deputy Executive Engineer | O37: =ROUND(O34/$Q$36,3) -> 2.111 | P37: =ROUND(P34/$Q$36,3) -> 0.43 | Q37: =ROUND(Q34/$Q$36,3) -> 0.78 | R37: =ROUND(R34/$Q$36,3) -> 0.668 | S37: =ROUND(S34/$Q$36,3) -> 0.19 | T37: =ROUND(T34/$Q$36,3) -> 0
A38: PP Sub Division 2 | I38: PP Sub Division 2
A39: Saluru | I39: Saluru

Sheet MAY  2024
A1: RIVER DISCHARGE PARTICULARS OF PEDDAGEDDA RESERVOIR PROJECT FOR THE MONTH OF MAY, 2024
A3: Date | B3: Name of the Project | C3: Name of the River | D3: FRL (in mts) | E3: Present Water Level (in Mts) | F3: Present Capacity (Mcft) | G3: Inflows (in Cusecs) | H3: Outflows (in Cusecs) | L3: Total Out flows (in Cusecs) | M3: Rainfall
H4: SPILLWAY | I4: RIVER SLUICE IN CUSECS | J4: RIGHT HEAD SLUICE IN CUSECS | K4: LOSS
A5: 45413 | B5: PEDDAGEDDA RESERVOIR PROJECT | C5: VEGAVATHI RIVER | D5: 213.8 | E5: 212.03 | F5: 764.124 | G5: 56.3 | H5: 0 | I5: 0 | J5: 0 | K5: 20 | L5: =H5+I5+J5+K5 -> 20
A6: 45414 | D6: 213.8 | E6: 212.02 | F6: 763.078 | G6: 2 | H6: 0 | I6: 0 | J6: 0 | K6: 15 | L6: =H6+I6+J6+K6 -> 15
A7: 45415 | D7: 213.8 | E7: 212.01 | F7: 762.033 | G7: 2 | H7: 0 | I7: 0 | J7: 0 | K7: 15 | L7: =H7+I7+J7+K7 -> 15
A8: 45416 | D8: 213.8 | E8: 212 | F8: 760.987 | G8: 2 | H8: 0 | I8: 0 | J8: 0 | K8: 15 | L8: =H8+I8+J8+K8 -> 15
A9: 45417 | D9: 213.8 | E9: 211.99 | F9: 759.942 | G9: 2 | H9: 0 | I9: 0 | J9: 0 | K9: 15 | L9: =H9+I9+J9+K9 -> 15
A10: 45418 | D10: 213.8 | E10: 211.98 | F10: 758.896 | G10: 2 | H10: 0 | I10: 0 | J10: 0 | K10: 15 | L10: =H10+I10+J10+K10 -> 15
A11: 45419 | D11: 213.8 | E11: 211.97 | F11: 757.851 | G11: 2 | H11: 0 | I11: 0 | J11: 0 | K11: 15 | L11: =H11+I11+J11+K11 -> 15
A12: 45420 | D12: 213.8 | E12: 211.96 | F12: 756.805 | G12: 2 | H12: 0 | I12: 0 | J12: 0 | K12: 15 | L12: =H12+I12+J12+K12 -> 15
A13: 45421 | D13: 213.8 | E13: 211.95 | F13: 755.759 | G13: 2 | H13: 0 | I13: 0 | J13: 0 | K13: 15 | L13: =H13+I13+J13+K13 -> 15
A14: 45422 | D14: 213.8 | E14: 211.94 | F14: 754.714 | G14: 2 | H14: 0 | I14: 0 | J14: 0 | K14: 15 | L14: =H14+I14+J14+K14 -> 15
A15: 45423 | D15: 213.8 | E15: 211.93 | F15: 753.668 | G15: 2 | H15: 0 | I15: 0 | J15: 0 | K15: 15 | L15: =H15+I15+J15+K15 -> 15
A16: 45424 | D16: 213.8 | E16: 211.92 | F16: 752.623 | G16: 2 | H16: 0 | I16: 0 | J16: 0 | K16: 15 | L16: =H16+I16+J16+K16 -> 15
A17: 45425 | D17: 213.8 | E17: 211.91 | F17: 751.577 | G17: 2 | H17: 0 | I17: 0 | J17: 0 | K17: 15 | L17: =H17+I17+J17+K17 -> 15
... A35: 45443 | D35: 213.8 | E35: 212.18 | F35: 779.808 | G35: 15 | H35: 0 | I35: 0 | J35: 0 | K35: 15 | L35: =H35+I35+J35+K35 -> 15
G36: =SUM(G5:G35) -> 668.3 | H36: =SUM(H5:H35) -> 0 | I36: =SUM(I5:I35) -> 0 | J36: =SUM(J5:J35) -> 0 | K36: =SUM(K5:K35) -> 470 | L36: =SUM(L5:L35) -> 470
G37: =G36/11574 -> 0.05774149 | H37: =H36/11574 -> 0 | I37: =I36/11574 -> 0 | J37: =J36/11574 -> 0 | K37: =K36/11574 -> 0.04060826
A38: Assistant Executive Engineer | I38: Deputy Executive Engineer
A39: PP Sub Division 2 | I39: PP Sub Division 2
A40: Saluru | I40: Saluru

Sheet APRIL 2024
A1: RIVER DISCHARGE PARTICULARS OF PEDDAGEDDA RESERVOIR PROJECT FOR THE MONTH OF APRIL, 2024
A3: Date | B3: Name of the Project | C3: Name of the River | D3: FRL (in mts) | E3: Present Water Level (in Mts) | F3: Present Capacity (Mcft) | G3: Inflows (in Cusecs) | H3: Outflows (in Cusecs) | L3: Total Out flows (in Cusecs) | M3: Rainfall
H4: SPILLWAY | I4: RIVER SLUICE IN CUSECS | J4: RIGHT HEAD SLUICE IN CUSECS | K4: LOSS
A5: 45383 | B5: PEDDAGEDDA RESERVOIR PROJECT | C5: VEGAVATHI RIVER | D5: 213.8 | E5: 212.34 | F5: 796.537 | G5: 0 | H5: 0 | I5: 0 | J5: 0 | K5: 15 | L5: =H5+I5+J5+K5 -> 15
A6: 45384 | D6: 213.8 | E6: 212.33 | F6: 795.491 | G6: 0 | H6: 0 | I6: 0 | J6: 0 | K6: 15 | L6: =H6+I6+J6+K6 -> 15
A7: 45385 | D7: 213.8 | E7: 212.32 | F7: 794.445 | G7: 0 | H7: 0 | I7: 0 | J7: 0 | K7: 15 | L7: =H7+I7+J7+K7 -> 15
A8: 45386 | D8: 213.8 | E8: 212.31 | F8: 793.4 | G8: 0 | H8: 0 | I8: 0 | J8: 0 | K8: 15 | L8: =H8+I8+J8+K8 -> 15
A9: 45387 | D9: 213.8 | E9: 212.3 | F9: 792.354 | G9: 0 | H9: 0 | I9: 0 | J9: 0 | K9: 15 | L9: =H9+I9+J9+K9 -> 15
A10: 45388 | D10: 213.8 | E10: 212.29 | F10: 791.309 | G10: 0 | H10: 0 | I10: 0 | J10: 0 | K10: 15 | L10: =H10+I10+J10+K10 -> 15
A11: 45389 | D11: 213.8 | E11: 212.28 | F11: 790.263 | G11: 0 | H11: 0 | I11: 0 | J11: 0 | K11: 15 | L11: =H11+I11+J11+K11 -> 15
A12: 45390 | D12: 213.8 | E12: 212.27 | F12: 789.218 | G12: 0 | H12: 0 | I12: 0 | J12: 0 | K12: 15 | L12: =H12+I12+J12+K12 -> 15
A13: 45391 | D13: 213.8 | E13: 212.26 | F13: 788.172 | G13: 0 | H13: 0 | I13: 0 | J13: 0 | K13: 15 | L13: =H13+I13+J13+K13 -> 15
A14: 45392 | D14: 213.8 | E14: 212.25 | F14: 787.127 | G14: 0 | H14: 0 | I14: 0 | J14: 0 | K14: 15 | L14: =H14+I14+J14+K14 -> 15
A15: 45393 | D15: 213.8 | E15: 212.24 | F15: 786.081 | G15: 0 | H15: 0 | I15: 0 | J15: 0 | K15: 15 | L15: =H15+I15+J15+K15 -> 15
A16: 45394 | D16: 213.8 | E16: 212.23 | F16: 785.035 | G16: 0 | H16: 0 | I16: 0 | J16: 0 | K16: 15 | L16: =H16+I16+J16+K16 -> 15
A17: 45395 | D17: 213.8 | E17: 212.22 | F17: 783.99 | G17: 0 | H17: 0 | I17: 0 | J17: 0 | K17: 15 | L17: =H17+I17+J17+K17 -> 15
... A34: 45412 | D34: 213.8 | E34: 212 | F34: 760.987 | G34: 243 | H34: 0 | I34: 50 | J34: 0 | K34: 0 | L34: =H34+I34+J34+K34 -> 50
G35: =SUM(G5:G34) -> 243 | H35: =SUM(H5:H34) -> 0 | I35: =SUM(I5:I34) -> 380 | J35: =SUM(J5:J34) -> 0 | K35: =SUM(K5:K34) -> 340 | L35: =SUM(L5:L34) -> 720
G36: =G35/11574 -> 0.020995334 | I36: =I35/11574 -> 0.03283221 | J36: =J35/11574 -> 0
A37: Assistant Executive Engineer | I37: Deputy Executive Engineer
A38: PP Sub Division 2 | I38: PP Sub Division 2
A39: Saluru | I39: Saluru

Sheet MARCH 2024
A1: RIVER DISCHARGE PARTICULARS OF PEDDAGEDDA RESERVOIR PROJECT FOR THE MONTH OF MARCH, 2024
A3: Date | B3: Name of the Project | C3: Name of the River | D3: FRL (in mts) | E3: Present Water Level (in Mts) | F3: Present Capacity (Mcft) | G3: Inflows (in Cusecs) | H3: Outflows (in Cusecs) | L3: Total Out flows (in Cusecs) | M3: Rainfall
H4: SPILLWAY | I4: RIVER SLUICE IN CUSECS | J4: RIGHT HEAD SLUICE IN CUSECS | K4: LOSS
A5: 45352 | B5: PEDDAGEDDA RESERVOIR PROJECT | C5: VEGAVATHI RIVER | D5: 213.8 | E5: 212.53 | F5: 816.402 | G5: 0 | H5: 0 | I5: 0 | J5: 0 | K5: 0 | L5: =H5+I5+J5+K5 -> 0
A6: 45353 | D6: 213.8 | E6: 212.53 | F6: 816.402 | G6: 0 | H6: 0 | I6: 0 | J6: 0 | K6: 0 | L6: =H6+I6+J6+K6 -> 0
A7: 45354 | D7: 213.8 | E7: 212.53 | F7: 816.402 | G7: 0 | H7: 0 | I7: 0 | J7: 0 | K7: 0 | L7: =H7+I7+J7+K7 -> 0
A8: 45355 | D8: 213.8 | E8: 212.53 | F8: 816.402 | G8: 0 | H8: 0 | I8: 0 | J8: 0 | K8: 0 | L8: =H8+I8+J8+K8 -> 0
A9: 45356 | D9: 213.8 | E9: 212.53 | F9: 816.402 | G9: 0 | H9: 0 | I9: 0 | J9: 0 | K9: 0 | L9: =H9+I9+J9+K9 -> 0
A10: 45357 | D10: 213.8 | E10: 212.53 | F10: 816.402 | G10: 0 | H10: 0 | I10: 0 | J10: 0 | K10: 0 | L10: =H10+I10+J10+K10 -> 0
A11: 45358 | D11: 213.8 | E11: 212.53 | F11: 816.402 | G11: 0 | H11: 0 | I11: 0 | J11: 0 | K11: 0 | L11: =H11+I11+J11+K11 -> 0
A12: 45359 | D12: 213.8 | E12: 212.49 | F12: 812.22 | G12: 0 | H12: 0 | I12: 50 | J12: 0 | K12: 0 | L12: =H12+I12+J12+K12 -> 50
A13: 45360 | D13: 213.8 | E13: 212.45 | F13: 807.881 | G13: 0 | H13: 0 | I13: 50 | J13: 0 | K13: 0 | L13: =H13+I13+J13+K13 -> 50
A14: 45361 | D14: 213.8 | E14: 212.4 | F14: 803.542 | G14: 0 | H14: 0 | I14: 50 | J14: 0 | K14: 0 | L14: =H14+I14+J14+K14 -> 50
A15: 45362 | D15: 213.8 | E15: 212.4 | F15: 803.542 | G15: 0 | H15: 0 | I15: 0 | J15: 0 | K15: 0 | L15: =H15+I15+J15+K15 -> 0
A16: 45363 | D16: 213.8 | E16: 212.4 | F16: 803.542 | G16: 0 | H16: 0 | I16: 0 | J16: 0 | K16: 0 | L16: =H16+I16+J16+K16 -> 0
A17: 45364 | D17: 213.8 | E17: 212.4 | F17: 803.542 | G17: 0 | H17: 0 | I17: 0 | J17: 0 | K17: 0 | L17: =H17+I17+J17+K17 -> 0
... A35: 45382 | D35: 213.8 | E35: 212.35 | F35: 797.582 | G35: 0 | H35: 0 | I35: 0 | J35: 0 | K35: 15 | L35: =H35+I35+J35+K35 -> 15
G36: =SUM(G5:G35) -> 0 | H36: =SUM(H5:H35) -> 0 | I36: =SUM(I5:I35) -> 150 | J36: =SUM(J5:J35) -> 0 | K36: =SUM(K5:K35) -> 70 | L36: =SUM(L5:L35) -> 220
G37: =G36/11574 -> 0 | I37: =I36/11574 -> 0.012960083 | J37: =J36/11574 -> 0
A38: Assistant Executive Engineer | I38: Deputy Executive Engineer
A39: PP Sub Division 2 | I39: PP Sub Division 2
A40: Saluru | I40: Saluru

Sheet FEBRUARY 2024
A1: RIVER DISCHARGE PARTICULARS OF PEDDAGEDDA RESERVOIR PROJECT FOR THE MONTH OF FEBRUARY, 2024
A3: Date | B3: Name of the Project | C3: Name of the River | D3: FRL (in mts) | E3: Present Water Level (in Mts) | F3: Present Capacity (in Mcft) | G3: Inflows (in Cusecs) | H3: Outflows (in Cusecs) | L3: Total Out flows (in Cusecs) | M3: Rainfall
H4: SPILLWAY | I4: RIVER SLUICE IN CUSECS | J4: RIGHT HEAD SLUICE IN CUSECS | K4: LOSS
A5: 45323 | B5: PEDDAGEDDA RESERVOIR PROJECT | C5: VEGAVATHI RIVER | D5: 213.8 | E5: 212.52 | F5: 815.357 | G5: 0 | H5: 0 | I5: 0 | J5: 0 | K5: 0 | L5: =K5+J5+I5+H5 -> 0
A6: 45324 | D6: 213.8 | E6: 212.53 | F6: 816.402 | G6: 12 | H6: 0 | I6: 0 | J6: 0 | K6: 0 | L6: =K6+J6+I6+H6 -> 0
A7: 45325 | D7: 213.8 | E7: 212.53 | F7: 816.402 | G7: 0 | H7: 0 | I7: 0 | J7: 0 | K7: 0 | L7: =K7+J7+I7+H7 -> 0
A8: 45326 | D8: 213.8 | E8: 212.53 | F8: 816.402 | G8: 0 | H8: 0 | I8: 0 | J8: 0 | K8: 0 | L8: =K8+J8+I8+H8 -> 0
A9: 45327 | D9: 213.8 | E9: 212.53 | F9: 816.402 | G9: 0 | H9: 0 | I9: 0 | J9: 0 | K9: 0 | L9: =K9+J9+I9+H9 -> 0
A10: 45328 | D10: 213.8 | E10: 212.53 | F10: 816.402 | G10: 0 | H10: 0 | I10: 0 | J10: 0 | K10: 0 | L10: =K10+J10+I10+H10 -> 0
A11: 45329 | D11: 213.8 | E11: 212.53 | F11: 816.402 | G11: 0 | H11: 0 | I11: 0 | J11: 0 | K11: 0 | L11: =K11+J11+I11+H11 -> 0
A12: 45330 | D12: 213.8 | E12: 212.53 | F12: 816.402 | G12: 0 | H12: 0 | I12: 0 | J12: 0 | K12: 0 | L12: =K12+J12+I12+H12 -> 0
A13: 45331 | D13: 213.8 | E13: 212.53 | F13: 816.402 | G13: 0 | H13: 0 | I13: 0 | J13: 0 | K13: 0 | L13: =K13+J13+I13+H13 -> 0
A14: 45332 | D14: 213.8 | E14: 212.53 | F14: 816.402 | G14: 0 | H14: 0 | I14: 0 | J14: 0 | K14: 0 | L14: =K14+J14+I14+H14 -> 0
A15: 45333 | D15: 213.8 | E15: 212.53 | F15: 816.402 | G15: 0 | H15: 0 | I15: 0 | J15: 0 | K15: 0 | L15: =K15+J15+I15+H15 -> 0
A16: 45334 | D16: 213.8 | E16: 212.53 | F16: 816.402 | G16: 0 | H16: 0 | I16: 0 | J16: 0 | K16: 0 | L16: =K16+J16+I16+H16 -> 0
A17: 45335 | D17: 213.8 | E17: 212.53 | F17: 816.402 | G17: 0 | H17: 0 | I17: 0 | J17: 0 | K17: 0 | L17: =K17+J17+I17+H17 -> 0
... A33: 45351 | D33: 213.8 | E33: 212.53 | F33: 816.402 | G33: 0 | H33: 0 | I33: 0 | J33: 0 | K33: 0 | L33: =K33+J33+I33+H33 -> 0
G34: =SUM(G5:G33) -> 12 | H34: =SUM(H5:H33) -> 0 | I34: =SUM(I5:I33) -> 0 | J34: =SUM(J5:J33) -> 0
G35: =G34/11574 -> 0.0010368066 | I35: =I34/11574 -> 0 | J35: =J34/11574 -> 0
A36: Assistant Executive Engineer | I36: Deputy Executive Engineer
A37: PP Sub Division 2 | I37: PP Sub Division 2
A38: Saluru | I38: Saluru

Sheet JANUARY 2024
A1: RIVER DISCHARGE PARTICULARS OF PEDDAGEDDA RESERVOIR PROJECT FOR THE MONTH OF JANUARY, 2024
A3: Date | B3: Name of the Project | C3: Name of the River | D3: FRL (in mts) | E3: Present Water Level (in Mts) | F3: Present Capacity (in Mcft) | G3: Inflows (in Cusecs) | H3: Outflows (in Cusecs) | L3: Total Out flows (in Cusecs) | M3: Rainfall
H4: SPILLWAY | I4: RIVER SLUICE IN CUSECS | J4: RIGHT HEAD SLUICE IN CUSECS | K4: LOSS
A5: 45292 | B5: PEDDAGEDDA RESERVOIR PROJECT | C5: VEGAVATHI RIVER | D5: 213.8 | E5: 212.2 | F5: 781.899 | G5: 24 | H5: 0 | I5: 0 | J5: 0 | K5: 0 | L5: =K5+J5+I5+H5 -> 0
A6: 45293 | D6: 213.8 | E6: 212.22 | F6: 783.99 | G6: 24 | H6: 0 | I6: 0 | J6: 0 | K6: 0 | L6: =K6+J6+I6+H6 -> 0
A7: 45294 | D7: 213.8 | E7: 212.24 | F7: 786.081 | G7: 24 | H7: 0 | I7: 0 | J7: 0 | K7: 0 | L7: =K7+J7+I7+H7 -> 0
A8: 45295 | D8: 213.8 | E8: 212.25 | F8: 787.127 | G8: 12 | H8: 0 | I8: 0 | J8: 0 | K8: 0 | L8: =K8+J8+I8+H8 -> 0
A9: 45296 | D9: 213.8 | E9: 212.26 | F9: 788.172 | G9: 12 | H9: 0 | I9: 0 | J9: 0 | K9: 0 | L9: =K9+J9+I9+H9 -> 0
A10: 45297 | D10: 213.8 | E10: 212.26 | F10: 788.172 | G10: 0 | H10: 0 | I10: 0 | J10: 0 | K10: 0 | L10: =K10+J10+I10+H10 -> 0
A11: 45298 | D11: 213.8 | E11: 212.28 | F11: 790.263 | G11: 24 | H11: 0 | I11: 0 | J11: 0 | K11: 0 | L11: =K11+J11+I11+H11 -> 0
A12: 45299 | D12: 213.8 | E12: 212.3 | F12: 792.354 | G12: 24 | H12: 0 | I12: 0 | J12: 0 | K12: 0 | L12: =K12+J12+I12+H12 -> 0
A13: 45300 | D13: 213.8 | E13: 212.34 | F13: 796.537 | G13: 48 | H13: 0 | I13: 0 | J13: 0 | K13: 0 | L13: =K13+J13+I13+H13 -> 0
A14: 45301 | D14: 213.8 | E14: 212.36 | F14: 798.628 | G14: 24 | H14: 0 | I14: 0 | J14: 0 | K14: 0 | L14: =K14+J14+I14+H14 -> 0
A15: 45302 | D15: 213.8 | E15: 212.38 | F15: 800.719 | G15: 24 | H15: 0 | I15: 0 | J15: 0 | K15: 0 | L15: =K15+J15+I15+H15 -> 0
A16: 45303 | D16: 213.8 | E16: 212.4 | F16: 802.81 | G16: 24 | H16: 0 | I16: 0 | J16: 0 | K16: 0 | L16: =K16+J16+I16+H16 -> 0
A17: 45304 | D17: 213.8 | E17: 212.41 | F17: 803.856 | G17: 12 | H17: 0 | I17: 0 | J17: 0 | K17: 0 | L17: =K17+J17+I17+H17 -> 0
... A35: 45322 | D35: 213.8 | E35: 212.52 | F35: 815.357 | G35: 0 | H35: 0 | I35: 0 | J35: 0 | K35: 0 | L35: =K35+J35+I35+H35 -> 0
G36: =SUM(G5:G35) -> 409 | I36: =SUM(I5:I35) -> 0 | J36: =SUM(J5:J35) -> 0
G37: =G36/11574 -> 0.035337826 | I37: =I36/11574 -> 0 | J37: =J36/11574 -> 0
A38: Assistant Executive Engineer | I38: Deputy Executive Engineer
A39: PP Sub Division 2 | I39: PP Sub Division 2
A40: Saluru | I40: Saluru
